territory_id;R;G;B;territory_type;x;y
ter-000001;121;131;193;land;8.06;7.98
ter-000002;214;66;27;land;66.7;10.1
ter-000003;207;21;45;land;95.98;6.66
ter-000004;185;241;225;land;139.15;7.64
ter-000005;171;206;5;land;171.14;7.32
ter-000006;113;137;132;land;197.31;6.35
ter-000007;241;160;175;land;244.68;8.84
ter-000008;184;83;60;land;285.83;10.24
ter-000009;107;222;246;land;324.06;7.52
ter-000010;198;244;67;land;351.98;12.77
ter-000011;34;32;204;land;398.9;10.78
ter-000012;156;64;249;land;425.62;12.64
ter-000013;229;221;209;land;474.84;11.01
ter-000014;38;212;167;land;503.41;10.59
ter-000015;238;177;180;land;547.88;10.36
ter-000016;137;145;210;land;578.64;9.78
ter-000017;189;216;27;land;631.73;7.49
ter-000018;228;102;54;land;666.96;5.18
ter-000019;150;107;91;land;700.56;9.59
ter-000020;228;71;66;land;746.92;14.89
ter-000021;77;199;98;land;776.34;8.98
ter-000022;197;93;168;land;813.74;7.47
ter-000023;9;177;108;land;845.84;14.7
ter-000024;97;84;192;land;885.62;12.82
ter-000025;129;41;218;land;936.31;11.04
ter-000026;220;125;141;land;975.57;8.4
ter-000027;0;178;54;land;1011.62;10.16
ter-000028;170;218;56;land;1055.2;12.53
ter-000029;239;12;153;land;1097.74;4.32
ter-000030;27;60;193;land;1134.21;13.14
ter-000031;140;231;126;land;1170.44;5.52
ter-000032;224;41;219;land;1182.62;17.96
ter-000033;225;113;97;land;1241.6;14.79
ter-000034;16;1;30;land;1266.18;9.09
ter-000035;26;86;211;land;1312.09;10.14
ter-000036;98;46;108;land;1338.54;12.88
ter-000037;40;180;161;land;1385.24;12.06
ter-000038;63;124;82;land;1428.67;16.1
ter-000039;250;128;59;land;1468.44;10.28
ter-000040;143;186;5;land;1497.19;7.94
ter-000041;170;244;212;land;1527.97;6.96
ter-000042;22;198;167;land;1563.97;11.61
ter-000043;129;166;102;land;1611.78;5.91
ter-000044;170;31;209;land;1649.55;7.21
ter-000045;236;146;187;land;1688.77;7.56
ter-000046;128;231;56;land;1729.74;8.92
ter-000047;24;189;139;land;1755.05;9.03
ter-000048;33;99;127;land;1784.51;12.06
ter-000049;10;92;218;land;1841.27;9.18
ter-000050;200;201;182;land;1864.06;8.81
ter-000051;98;241;239;land;1915.17;7.72
ter-000052;246;157;65;land;1953.15;11.39
ter-000053;193;2;173;land;1996.39;10.16
ter-000054;79;56;77;land;2020.53;9.45
ter-000055;246;213;186;land;32.69;11.52
ter-000056;93;185;101;land;61.95;24.07
ter-000057;16;175;209;land;88.54;27.38
ter-000058;130;79;145;land;144.68;28.52
ter-000059;201;150;190;land;180.05;20.95
ter-000060;44;83;100;land;215.56;16.39
ter-000061;108;95;192;land;249.36;23.81
ter-000062;114;155;145;land;282.68;31.41
ter-000063;116;143;235;land;319.91;28.41
ter-000064;130;241;220;land;368.5;27.41
ter-000065;44;12;152;land;393.65;30.12
ter-000066;241;236;65;land;442.63;23.38
ter-000067;200;106;143;land;466.08;26.57
ter-000068;124;123;139;land;518.82;28.89
ter-000069;13;148;172;land;550.01;31.41
ter-000070;165;97;82;land;599.44;23.92
ter-000071;243;64;120;land;636.35;25.73
ter-000072;243;214;153;land;670.29;20.75
ter-000073;209;126;200;land;686.57;31.66
ter-000074;50;228;95;land;721.56;28.64
ter-000075;169;54;51;land;778.12;26.78
ter-000076;144;206;120;land;820.48;34.03
ter-000077;15;201;162;land;867.11;20.01
ter-000078;187;107;48;land;903.07;21.95
ter-000079;27;235;227;land;935.12;35.39
ter-000080;232;188;0;land;965.65;26.31
ter-000081;14;111;10;land;996.88;30.55
ter-000082;183;255;167;land;1031.14;29.86
ter-000083;191;81;141;land;1080.64;20.97
ter-000084;167;187;44;land;1109.8;21.35
ter-000085;182;11;238;land;1166.59;29.72
ter-000086;245;157;47;land;1198.36;27.19
ter-000087;157;146;4;land;1217.92;19.61
ter-000088;128;52;240;land;1282.44;23.11
ter-000089;219;147;64;land;1320.02;34.72
ter-000090;167;95;24;land;1360.19;17.55
ter-000091;188;72;91;land;1370.74;41.84
ter-000092;114;153;245;land;1405.06;20.49
ter-000093;244;252;160;land;1462.63;28.6
ter-000094;11;61;249;land;1503.43;22.6
ter-000095;115;138;14;land;1524.85;25.68
ter-000096;211;186;208;land;1558.83;30.39
ter-000097;35;172;24;land;1609.44;23.26
ter-000098;85;241;188;land;1649.49;25.08
ter-000099;245;129;193;land;1694.57;23.6
ter-000100;196;213;31;land;1724.35;29.65
ter-000101;79;241;178;land;1750.96;23.33
ter-000102;113;40;138;land;1812.68;18.96
ter-000103;141;80;19;land;1850.97;28.04
ter-000104;180;214;87;land;1879.68;19.28
ter-000105;71;163;253;land;1910.68;27.95
ter-000106;140;251;110;land;1932.81;26.07
ter-000107;26;166;233;land;1975.58;13.48
ter-000108;1;219;244;land;2038.54;9.49
ter-000109;142;139;84;land;101.66;27.4
ter-000110;153;238;162;land;115.89;24.62
ter-000111;121;39;185;land;186.31;35.13
ter-000112;49;29;198;land;220.36;36.23
ter-000113;73;18;194;land;248.49;37.92
ter-000114;41;186;228;land;292.56;43.53
ter-000115;160;179;62;land;324.29;45.01
ter-000116;60;44;128;land;348.13;40.5
ter-000117;33;224;69;land;389.16;47.85
ter-000118;100;238;163;land;427.12;45.45
ter-000119;109;244;152;land;458.91;46.77
ter-000120;83;218;63;land;511.54;48.87
ter-000121;69;162;97;land;562.69;47.6
ter-000122;221;211;44;land;600.3;53.46
ter-000123;3;174;151;land;626.07;47.12
ter-000124;225;201;212;land;665.98;43.74
ter-000125;115;218;26;land;697.04;47.79
ter-000126;77;1;23;land;741.36;49.06
ter-000127;130;15;154;land;774.92;45.4
ter-000128;181;168;188;land;800.69;37.63
ter-000129;142;98;47;land;860.5;45.96
ter-000130;185;116;94;land;894.03;49.7
ter-000131;119;165;78;land;918.09;38.04
ter-000132;219;36;40;land;964.32;45.7
ter-000133;133;249;10;land;1012.64;49.95
ter-000134;200;247;104;land;1052.44;50.62
ter-000135;122;140;225;land;1089.76;40.52
ter-000136;252;32;158;land;1107.58;54.57
ter-000137;125;219;60;land;1138.74;38.46
ter-000138;164;146;184;land;1194.97;51.01
ter-000139;113;106;195;land;1241.69;45.85
ter-000140;160;170;179;land;1278.07;41.59
ter-000141;100;188;193;land;1297.99;50.47
ter-000142;4;5;135;land;1349.93;45.1
ter-000143;236;105;172;land;1389.48;42.76
ter-000144;80;202;80;land;1422.33;52.05
ter-000145;134;153;15;land;1462.54;43.57
ter-000146;224;204;121;land;1497.85;41.99
ter-000147;14;253;114;land;1524.34;43.58
ter-000148;24;163;113;land;1560.23;46.0
ter-000149;79;20;210;land;1593.91;40.19
ter-000150;133;1;147;land;1663.0;44.0
ter-000151;186;125;249;land;1677.0;43.0
ter-000152;175;55;92;land;1729.19;42.41
ter-000153;178;239;158;land;1763.62;40.54
ter-000154;77;149;145;land;1803.14;42.03
ter-000155;29;79;249;land;1835.65;36.6
ter-000156;249;35;16;land;1864.82;37.61
ter-000157;9;67;215;land;1894.07;28.85
ter-000158;107;248;15;land;480.08;45.57
ter-000159;224;207;111;land;526.72;59.9
ter-000160;15;141;101;land;551.65;64.16
ter-000161;253;119;154;land;582.51;55.95
ter-000162;136;18;228;land;631.6;67.55
ter-000163;114;206;11;land;655.46;67.94
ter-000164;143;18;30;land;684.63;62.46
ter-000165;149;118;226;land;728.83;64.02
ter-000166;237;183;13;land;764.52;66.92
ter-000167;196;29;254;land;795.59;72.59
ter-000168;99;69;28;land;840.89;69.85
ter-000169;231;121;141;land;883.57;67.71
ter-000170;203;201;159;land;920.04;61.85
ter-000171;204;26;182;land;948.54;64.78
ter-000172;85;43;191;land;990.35;64.78
ter-000173;213;17;190;land;1040.45;69.98
ter-000174;90;235;11;land;1087.7;67.53
ter-000175;191;144;10;land;1131.35;65.44
ter-000176;56;232;158;land;1159.96;62.65
ter-000177;176;124;94;land;1182.04;62.94
ter-000178;143;194;32;land;1225.68;61.2
ter-000179;251;235;35;land;1275.37;61.18
ter-000180;61;147;146;land;1313.82;57.24
ter-000181;178;201;231;land;1331.68;56.5
ter-000182;201;42;11;land;1389.47;63.28
ter-000183;248;243;230;land;1398.02;55.99
ter-000184;92;4;83;land;1455.72;57.49
ter-000185;72;56;230;land;1488.58;59.55
ter-000186;2;140;12;land;1525.23;55.93
ter-000187;146;65;150;land;1550.26;55.78
ter-000188;109;24;232;land;568.09;77.1
ter-000189;102;124;225;land;603.29;75.3
ter-000190;77;136;10;land;618.21;77.97
ter-000191;27;248;38;land;680.5;81.82
ter-000192;211;168;11;land;705.68;77.61
ter-000193;161;129;213;land;732.25;83.52
ter-000194;240;221;59;land;763.26;89.82
ter-000195;67;8;42;land;821.69;78.78
ter-000196;65;225;91;land;861.25;90.83
ter-000197;239;239;214;land;896.74;88.53
ter-000198;102;204;232;land;925.76;82.87
ter-000199;108;172;233;land;965.83;76.32
ter-000200;9;165;60;land;1011.52;77.0
ter-000201;76;253;34;land;1035.85;86.77
ter-000202;47;88;109;land;1086.42;88.29
ter-000203;81;199;241;land;1120.13;85.17
ter-000204;189;137;229;land;1148.84;92.87
ter-000205;138;232;135;land;1192.33;83.31
ter-000206;137;220;178;land;1232.65;78.18
ter-000207;27;70;65;land;1255.49;76.49
ter-000208;228;244;216;land;709.68;108.11
ter-000209;179;72;154;land;745.74;105.48
ter-000210;68;184;162;land;770.54;109.58
ter-000211;40;114;18;land;806.06;103.97
ter-000212;1;146;203;land;869.4;109.78
ter-000213;44;166;109;land;904.72;113.69
ter-000214;0;24;95;land;931.69;107.89
ter-000215;221;233;52;land;965.8;96.09
ter-000216;250;235;57;land;1007.54;102.92
ter-000217;189;219;253;land;1038.07;105.25
ter-000218;149;251;230;land;1070.63;102.28
ter-000219;38;176;173;land;1122.32;98.93
ter-000220;202;228;144;land;1168.01;110.33
ter-000221;91;116;124;land;1185.59;106.61
ter-000222;104;96;88;land;1222.39;92.98
ter-000223;87;227;133;land;1308.15;114.21
ter-000224;211;138;130;land;1697.75;103.03
ter-000225;220;154;143;land;710.04;111.52
ter-000226;228;172;214;land;755.4;118.01
ter-000227;104;127;65;land;790.91;114.67
ter-000228;168;169;147;land;826.89;116.66
ter-000229;137;225;88;land;856.61;124.27
ter-000230;152;2;225;land;882.67;127.18
ter-000231;52;140;29;land;923.94;133.13
ter-000232;166;148;219;land;958.42;118.23
ter-000233;25;24;19;land;992.95;125.43
ter-000234;116;204;78;land;1051.1;116.39
ter-000235;172;127;254;land;1072.42;126.16
ter-000236;137;211;243;land;1112.5;113.83
ter-000237;200;122;52;land;1142.29;122.77
ter-000238;166;105;72;land;1206.59;113.11
ter-000239;212;3;63;land;1223.83;112.36
ter-000240;227;168;99;land;1289.71;128.12
ter-000241;114;56;34;land;1315.35;124.97
ter-000242;189;22;112;land;1329.41;137.27
ter-000243;230;120;166;land;1504.31;116.6
ter-000244;251;23;144;land;1526.8;121.8
ter-000245;252;104;108;land;790.6;134.08
ter-000246;182;64;138;land;827.29;137.08
ter-000247;79;194;64;land;861.18;142.12
ter-000248;134;167;233;land;884.26;148.87
ter-000249;181;242;254;land;942.86;140.9
ter-000250;101;52;184;land;970.68;141.04
ter-000251;24;141;250;land;1014.25;131.07
ter-000252;216;144;234;land;1032.52;138.77
ter-000253;149;65;108;land;1091.82;143.66
ter-000254;74;113;231;land;1114.22;137.23
ter-000255;45;206;236;land;1138.0;147.72
ter-000256;113;183;172;land;1191.1;133.05
ter-000257;193;191;111;land;1239.73;134.51
ter-000258;128;89;245;land;1266.3;131.96
ter-000259;51;153;44;land;1305.52;142.31
ter-000260;242;238;22;land;1345.39;145.91
ter-000261;122;87;144;land;1363.92;150.47
ter-000262;191;215;158;land;1458.57;159.35
ter-000263;215;86;33;land;1484.17;141.87
ter-000264;29;97;138;land;1723.0;150.0
ter-000265;191;80;174;land;1772.38;147.54
ter-000266;102;52;16;land;645.21;163.15
ter-000267;146;148;237;land;661.09;164.8
ter-000268;172;246;14;land;711.5;167.0
ter-000269;237;79;141;land;748.3;162.39
ter-000270;147;99;196;land;781.89;154.77
ter-000271;252;200;172;land;804.08;165.86
ter-000272;26;111;35;land;861.28;156.2
ter-000273;35;49;100;land;896.75;156.21
ter-000274;134;249;32;land;929.42;163.63
ter-000275;56;236;235;land;960.54;163.23
ter-000276;164;210;103;land;1015.19;157.75
ter-000277;28;131;197;land;1052.58;155.7
ter-000278;134;178;111;land;1074.8;167.3
ter-000279;147;12;129;land;1116.23;167.18
ter-000280;99;255;122;land;1163.16;151.54
ter-000281;129;113;211;land;1206.53;158.89
ter-000282;197;159;125;land;1241.26;153.38
ter-000283;34;190;195;land;1281.45;156.28
ter-000284;62;161;108;land;1315.07;162.72
ter-000285;189;10;115;land;1334.24;167.59
ter-000286;77;109;60;land;1388.68;162.21
ter-000287;237;217;161;land;1439.86;168.15
ter-000288;57;187;101;land;1479.16;159.7
ter-000289;170;215;87;land;1500.85;160.32
ter-000290;68;100;118;land;1516.55;166.44
ter-000291;13;49;33;land;1738.0;167.0
ter-000292;254;187;13;land;1768.69;152.67
ter-000293;25;177;134;land;284.67;190.17
ter-000294;29;165;17;land;603.09;176.91
ter-000295;45;36;109;land;606.0;176.0
ter-000296;22;170;57;land;665.72;168.23
ter-000297;49;19;178;land;741.82;170.66
ter-000298;123;132;141;land;763.16;165.55
ter-000299;207;182;39;land;825.3;170.89
ter-000300;12;171;192;land;842.59;181.99
ter-000301;60;102;38;land;910.97;163.64
ter-000302;205;194;221;land;937.65;182.26
ter-000303;105;54;223;land;960.94;186.58
ter-000304;196;143;216;land;992.22;172.9
ter-000305;81;183;190;land;1034.85;179.2
ter-000306;208;14;22;land;1092.86;186.04
ter-000307;248;162;114;land;1109.32;188.21
ter-000308;160;175;171;land;1146.21;184.66
ter-000309;151;59;8;land;1182.38;181.06
ter-000310;34;132;8;land;1225.17;181.04
ter-000311;89;38;59;land;1268.97;175.14
ter-000312;3;140;217;land;1294.21;180.81
ter-000313;80;161;55;land;1356.93;171.79
ter-000314;118;236;173;land;1386.41;181.48
ter-000315;163;201;27;land;1425.49;183.14
ter-000316;2;255;118;land;1466.5;179.77
ter-000317;51;239;229;land;1487.75;184.65
ter-000318;30;245;213;land;281.09;195.82
ter-000319;231;54;201;land;752.31;205.5
ter-000320;76;208;68;land;777.16;192.87
ter-000321;97;168;32;land;825.95;204.94
ter-000322;25;79;75;land;831.17;190.1
ter-000323;210;71;176;land;874.61;204.67
ter-000324;122;62;74;land;938.36;197.87
ter-000325;3;119;152;land;971.78;196.68
ter-000326;56;12;252;land;1019.62;195.54
ter-000327;99;163;136;land;1056.8;192.48
ter-000328;70;237;125;land;1081.12;201.28
ter-000329;173;60;208;land;1125.64;203.99
ter-000330;130;251;35;land;1170.45;199.05
ter-000331;26;87;195;land;1210.24;204.02
ter-000332;108;33;116;land;1243.07;190.28
ter-000333;76;235;106;land;1268.67;201.26
ter-000334;160;113;9;land;1320.61;194.02
ter-000335;32;83;27;land;1348.55;197.32
ter-000336;97;241;233;land;1388.47;202.42
ter-000337;83;7;63;land;1417.84;197.9
ter-000338;137;192;147;land;1464.05;198.69
ter-000339;5;74;160;land;1498.33;194.11
ter-000340;13;212;37;land;1812.77;209.09
ter-000341;241;156;35;land;1829.12;200.89
ter-000342;200;153;190;land;745.89;217.52
ter-000343;4;201;147;land;758.8;218.49
ter-000344;45;178;47;land;796.85;206.81
ter-000345;75;166;23;land;849.08;211.6
ter-000346;140;60;174;land;903.85;211.26
ter-000347;175;71;91;land;926.98;215.56
ter-000348;63;54;135;land;948.56;221.23
ter-000349;198;91;59;land;998.84;218.45
ter-000350;86;229;236;land;1051.06;217.32
ter-000351;152;165;51;land;1082.7;220.81
ter-000352;68;71;6;land;1115.58;219.84
ter-000353;39;201;107;land;1166.09;215.61
ter-000354;182;158;13;land;1198.73;212.09
ter-000355;124;53;35;land;1224.48;218.14
ter-000356;5;71;2;land;1261.04;221.42
ter-000357;160;71;50;land;1302.4;214.81
ter-000358;190;155;177;land;1350.66;224.76
ter-000359;127;113;29;land;1369.09;215.5
ter-000360;227;237;213;land;1435.16;216.14
ter-000361;184;97;223;land;1475.42;216.09
ter-000362;191;36;43;land;1477.14;225.18
ter-000363;22;243;50;land;1818.17;217.9
ter-000364;142;13;28;land;1836.53;214.61
ter-000365;24;194;155;land;1850.73;228.49
ter-000366;7;36;54;land;350.97;235.25
ter-000367;189;95;66;land;699.23;249.22
ter-000368;254;83;146;land;755.33;243.36
ter-000369;196;204;254;land;770.67;226.05
ter-000370;88;212;165;land;813.14;230.54
ter-000371;241;83;105;land;848.98;238.67
ter-000372;153;179;157;land;908.46;234.04
ter-000373;148;240;197;land;932.06;235.43
ter-000374;193;30;70;land;966.27;236.09
ter-000375;72;238;190;land;989.2;242.8
ter-000376;93;121;222;land;1029.24;242.22
ter-000377;205;80;10;land;1087.16;237.93
ter-000378;167;144;203;land;1120.2;235.4
ter-000379;176;158;132;land;1150.78;239.52
ter-000380;142;55;188;land;1187.26;232.87
ter-000381;200;206;164;land;1235.13;237.12
ter-000382;5;68;246;land;1263.22;245.28
ter-000383;69;9;217;land;1292.48;242.18
ter-000384;42;115;64;land;1332.99;230.07
ter-000385;238;82;206;land;1389.69;226.53
ter-000386;86;59;242;land;1412.47;236.67
ter-000387;92;90;111;land;1471.12;236.12
ter-000388;127;49;52;land;1498.77;229.32
ter-000389;44;2;163;land;1814.32;251.05
ter-000390;164;162;20;land;1829.22;233.68
ter-000391;44;1;25;land;1856.17;245.39
ter-000392;235;64;114;land;1899.88;250.23
ter-000393;175;97;82;land;632.97;270.12
ter-000394;69;203;166;land;657.58;267.08
ter-000395;116;18;193;land;703.18;261.53
ter-000396;162;97;113;land;729.24;249.68
ter-000397;234;109;237;land;793.01;244.91
ter-000398;233;206;144;land;822.17;254.89
ter-000399;246;174;12;land;873.3;249.49
ter-000400;202;50;81;land;902.58;253.91
ter-000401;110;177;53;land;922.98;256.61
ter-000402;185;67;37;land;950.91;259.26
ter-000403;169;45;18;land;1005.99;260.83
ter-000404;236;77;149;land;1061.02;268.33
ter-000405;89;227;49;land;1065.93;248.33
ter-000406;209;18;201;land;1119.26;259.39
ter-000407;46;40;176;land;1174.23;255.6
ter-000408;90;153;0;land;1205.37;260.18
ter-000409;33;79;147;land;1232.23;257.81
ter-000410;92;116;239;land;1248.8;251.9
ter-000411;54;29;44;land;1323.45;248.89
ter-000412;220;179;133;land;1358.45;248.59
ter-000413;71;11;134;land;1381.91;250.01
ter-000414;252;113;102;land;1413.19;254.33
ter-000415;91;196;155;land;1454.32;247.88
ter-000416;162;0;185;land;1489.42;247.62
ter-000417;43;243;41;land;1801.78;262.65
ter-000418;135;81;86;land;1836.28;261.88
ter-000419;198;249;209;land;1879.2;253.57
ter-000420;158;199;31;land;1913.5;270.67
ter-000421;36;46;70;land;565.71;285.99
ter-000422;65;158;37;land;589.01;283.55
ter-000423;131;153;134;land;641.95;285.57
ter-000424;81;190;0;land;670.07;277.67
ter-000425;56;22;3;land;706.32;282.09
ter-000426;19;138;231;land;738.53;276.71
ter-000427;254;139;100;land;790.73;275.1
ter-000428;71;163;66;land;823.84;280.75
ter-000429;23;141;219;land;843.21;266.05
ter-000430;30;191;51;land;895.93;275.9
ter-000431;198;14;178;land;933.21;273.59
ter-000432;193;168;4;land;979.26;269.86
ter-000433;69;94;55;land;1001.95;281.79
ter-000434;226;59;145;land;1044.11;273.63
ter-000435;170;195;193;land;1083.7;269.81
ter-000436;207;65;137;land;1108.47;284.66
ter-000437;147;63;39;land;1165.36;271.61
ter-000438;236;219;152;land;1178.79;282.44
ter-000439;116;248;181;land;1228.4;274.43
ter-000440;33;249;237;land;1265.49;270.87
ter-000441;151;52;25;land;1310.88;268.53
ter-000442;139;109;154;land;1342.35;272.9
ter-000443;44;16;243;land;1368.07;270.64
ter-000444;176;211;145;land;1397.9;268.77
ter-000445;50;134;145;land;1439.0;273.18
ter-000446;17;186;0;land;1509.45;276.16
ter-000447;123;163;55;land;1525.99;276.11
ter-000448;192;8;11;land;1809.26;275.38
ter-000449;218;227;67;land;1848.61;266.45
ter-000450;5;126;252;land;1866.15;275.82
ter-000451;191;102;76;land;1892.65;268.64
ter-000452;157;245;71;land;1936.82;272.18
ter-000453;186;47;140;land;491.8;302.7
ter-000454;101;28;244;land;511.09;295.79
ter-000455;186;104;111;land;538.69;293.06
ter-000456;90;120;119;land;599.69;299.39
ter-000457;71;97;75;land;624.94;302.7
ter-000458;72;157;179;land;673.59;299.01
ter-000459;96;222;43;land;688.17;293.39
ter-000460;53;4;191;land;721.16;309.9
ter-000461;253;216;182;land;764.45;280.91
ter-000462;168;224;9;land;796.36;298.54
ter-000463;181;233;90;land;838.52;299.81
ter-000464;37;141;79;land;886.42;303.06
ter-000465;64;228;47;land;935.44;290.57
ter-000466;128;46;139;land;973.73;292.86
ter-000467;49;135;213;land;1016.65;291.75
ter-000468;18;203;112;land;1034.19;291.2
ter-000469;0;129;71;land;1089.65;292.83
ter-000470;222;118;123;land;1137.48;286.53
ter-000471;72;101;243;land;1169.41;297.28
ter-000472;71;138;85;land;1203.59;294.29
ter-000473;83;197;95;land;1232.55;293.25
ter-000474;67;204;87;land;1270.7;297.14
ter-000475;108;14;75;land;1311.74;289.07
ter-000476;198;9;95;land;1349.47;297.51
ter-000477;159;214;32;land;1383.68;292.01
ter-000478;54;113;160;land;1416.22;286.69
ter-000479;180;66;225;land;1443.84;294.1
ter-000480;199;189;5;land;1505.4;292.61
ter-000481;142;221;108;land;1527.27;291.96
ter-000482;6;185;3;land;1784.54;298.93
ter-000483;49;28;54;land;1804.48;289.0
ter-000484;246;14;198;land;1851.99;301.21
ter-000485;238;138;38;land;1893.98;303.91
ter-000486;92;204;92;land;1895.41;289.58
ter-000487;148;133;79;land;1943.4;285.1
ter-000488;240;3;138;land;483.0;310.0
ter-000489;247;161;150;land;523.27;326.24
ter-000490;129;75;111;land;540.69;312.66
ter-000491;90;195;117;land;573.17;306.65
ter-000492;250;150;212;land;615.24;326.47
ter-000493;246;221;192;land;658.76;310.72
ter-000494;147;229;144;land;703.83;316.5
ter-000495;4;157;191;land;746.22;309.19
ter-000496;42;237;177;land;772.6;314.64
ter-000497;47;118;40;land;811.79;310.46
ter-000498;120;199;126;land;859.71;310.72
ter-000499;201;241;68;land;909.45;318.18
ter-000500;168;145;105;land;923.46;308.04
ter-000501;230;255;110;land;968.43;310.8
ter-000502;53;35;87;land;1001.57;308.98
ter-000503;66;105;183;land;1031.52;312.03
ter-000504;225;3;12;land;1065.95;303.55
ter-000505;207;217;78;land;1126.85;314.82
ter-000506;151;77;120;land;1167.66;315.73
ter-000507;182;68;9;land;1201.97;314.45
ter-000508;130;216;62;land;1223.99;311.08
ter-000509;250;96;131;land;1255.45;315.66
ter-000510;66;146;106;land;1313.96;317.54
ter-000511;193;242;204;land;1332.93;315.29
ter-000512;87;45;181;land;1374.47;320.26
ter-000513;248;97;94;land;1426.24;308.95
ter-000514;229;173;89;land;1446.62;322.63
ter-000515;35;168;249;land;1505.55;309.15
ter-000516;54;20;183;land;1529.71;315.24
ter-000517;150;200;178;land;1551.52;312.24
ter-000518;68;55;165;land;1785.71;306.71
ter-000519;174;41;78;land;1809.07;311.87
ter-000520;73;70;176;land;1828.53;309.27
ter-000521;39;202;206;land;1875.23;312.61
ter-000522;108;3;95;land;1922.0;301.67
ter-000523;71;2;178;land;1933.87;317.34
ter-000524;22;25;46;land;493.7;336.62
ter-000525;180;190;186;land;496.28;330.53
ter-000526;139;86;64;land;563.67;327.46
ter-000527;232;131;101;land;589.8;330.67
ter-000528;3;225;87;land;635.62;334.53
ter-000529;48;31;128;land;665.94;329.39
ter-000530;75;160;186;land;693.29;322.6
ter-000531;135;213;61;land;736.07;331.25
ter-000532;204;42;183;land;770.01;334.42
ter-000533;154;144;209;land;802.91;325.1
ter-000534;182;124;7;land;837.82;335.1
ter-000535;68;251;40;land;869.78;330.08
ter-000536;221;52;124;land;941.82;324.03
ter-000537;68;91;216;land;965.69;330.02
ter-000538;34;134;44;land;1008.49;327.29
ter-000539;65;4;176;land;1042.56;333.16
ter-000540;84;66;55;land;1073.01;326.26
ter-000541;86;187;17;land;1103.24;320.57
ter-000542;245;250;193;land;1161.7;335.9
ter-000543;203;118;46;land;1191.87;335.48
ter-000544;52;84;179;land;1222.71;333.4
ter-000545;90;51;195;land;1263.73;328.59
ter-000546;76;195;231;land;1295.04;322.16
ter-000547;77;8;214;land;1356.89;323.47
ter-000548;85;51;3;land;1389.49;327.93
ter-000549;99;18;89;land;1412.94;322.72
ter-000550;250;82;202;land;1466.45;335.92
ter-000551;46;246;54;land;1513.1;324.57
ter-000552;13;31;254;land;1543.05;337.16
ter-000553;163;181;137;land;1565.43;327.93
ter-000554;167;253;244;land;1788.01;334.9
ter-000555;103;55;241;land;1792.39;321.51
ter-000556;123;187;61;land;1827.59;336.15
ter-000557;144;209;248;land;1871.18;329.62
ter-000558;115;167;142;land;1904.79;323.87
ter-000559;33;211;112;land;1936.67;333.84
ter-000560;208;121;148;land;1979.0;334.5
ter-000561;54;179;35;land;439.88;356.88
ter-000562;73;165;11;land;489.88;343.56
ter-000563;59;46;7;land;495.18;346.62
ter-000564;10;169;238;land;542.68;341.84
ter-000565;171;121;105;land;603.04;345.97
ter-000566;157;248;181;land;626.8;353.82
ter-000567;81;167;247;land;651.12;350.82
ter-000568;190;192;57;land;698.24;347.34
ter-000569;83;205;250;land;745.06;348.21
ter-000570;52;184;40;land;770.76;351.64
ter-000571;247;178;124;land;805.48;344.26
ter-000572;152;154;237;land;864.47;354.39
ter-000573;190;41;192;land;896.31;350.27
ter-000574;52;130;212;land;926.43;347.79
ter-000575;243;22;199;land;965.51;352.29
ter-000576;12;207;239;land;998.48;349.4
ter-000577;109;167;200;land;1037.65;352.41
ter-000578;211;93;222;land;1076.55;356.41
ter-000579;244;64;31;land;1104.38;346.12
ter-000580;54;11;139;land;1160.7;358.9
ter-000581;19;144;40;land;1205.35;355.36
ter-000582;180;59;214;land;1247.05;352.45
ter-000583;64;18;214;land;1269.95;344.51
ter-000584;82;241;184;land;1300.12;351.08
ter-000585;30;72;59;land;1346.17;352.43
ter-000586;212;63;232;land;1395.81;348.28
ter-000587;240;77;2;land;1422.94;350.61
ter-000588;30;255;252;land;1456.26;350.81
ter-000589;124;166;171;land;1479.8;346.11
ter-000590;139;179;7;land;1531.93;349.31
ter-000591;2;76;185;land;1563.28;344.67
ter-000592;91;19;134;land;1586.59;358.58
ter-000593;255;172;64;land;1775.95;346.23
ter-000594;144;68;126;land;1789.36;346.42
ter-000595;216;151;159;land;1829.7;352.39
ter-000596;191;163;164;land;1876.4;350.87
ter-000597;176;193;204;land;1910.37;347.78
ter-000598;20;251;83;land;1940.89;353.98
ter-000599;230;180;253;land;396.81;378.05
ter-000600;74;54;139;land;435.29;360.43
ter-000601;74;211;203;land;557.13;360.59
ter-000602;50;69;243;land;579.88;351.98
ter-000603;12;50;120;land;613.91;366.43
ter-000604;50;59;101;land;673.3;361.31
ter-000605;57;28;246;land;728.49;368.16
ter-000606;178;198;115;land;747.36;365.7
ter-000607;252;165;182;land;784.37;374.59
ter-000608;94;131;66;land;819.97;367.4
ter-000609;229;180;190;land;855.19;374.24
ter-000610;118;89;240;land;892.21;370.59
ter-000611;219;183;118;land;931.51;372.59
ter-000612;175;40;124;land;977.0;369.83
ter-000613;91;213;219;land;1010.12;370.91
ter-000614;187;19;28;land;1041.35;369.93
ter-000615;217;254;90;land;1061.7;364.44
ter-000616;100;101;238;land;1123.81;373.05
ter-000617;165;4;25;land;1134.41;352.56
ter-000618;43;137;199;land;1186.29;375.1
ter-000619;88;36;144;land;1238.65;367.88
ter-000620;219;235;254;land;1276.0;365.39
ter-000621;73;133;166;land;1320.05;373.29
ter-000622;93;47;75;land;1326.19;354.13
ter-000623;194;11;187;land;1369.05;364.16
ter-000624;68;7;196;land;1409.77;373.17
ter-000625;96;105;120;land;1480.8;355.18
ter-000626;207;116;55;land;1486.29;378.08
ter-000627;225;39;9;land;1538.66;372.59
ter-000628;16;249;240;land;1557.15;366.5
ter-000629;182;226;201;land;1585.45;373.35
ter-000630;88;144;84;land;1774.74;377.03
ter-000631;43;225;137;land;1807.94;362.47
ter-000632;92;20;116;land;1838.23;371.39
ter-000633;161;21;99;land;1859.35;372.57
ter-000634;89;237;236;land;1913.48;370.62
ter-000635;178;226;79;land;1941.81;376.55
ter-000636;50;95;158;land;1965.09;364.9
ter-000637;39;99;50;land;384.79;388.36
ter-000638;219;78;107;land;396.57;386.06
ter-000639;225;233;98;land;435.56;390.11
ter-000640;249;146;88;land;578.4;369.46
ter-000641;194;18;125;land;721.65;397.2
ter-000642;60;142;187;land;752.7;392.82
ter-000643;134;5;214;land;760.8;378.89
ter-000644;133;166;175;land;802.48;392.57
ter-000645;32;157;58;land;844.56;391.14
ter-000646;152;109;247;land;895.28;389.37
ter-000647;7;142;224;land;929.33;387.45
ter-000648;19;170;93;land;971.64;394.43
ter-000649;163;179;56;land;1013.45;386.23
ter-000650;254;122;156;land;1047.4;391.29
ter-000651;228;26;54;land;1097.43;377.86
ter-000652;136;175;59;land;1135.64;387.89
ter-000653;45;98;187;land;1162.4;385.3
ter-000654;79;82;247;land;1211.72;387.21
ter-000655;53;115;151;land;1245.32;382.48
ter-000656;8;34;168;land;1276.08;388.78
ter-000657;66;217;194;land;1305.96;390.19
ter-000658;119;35;171;land;1331.47;390.15
ter-000659;251;2;121;land;1388.36;391.83
ter-000660;106;105;111;land;1432.2;386.89
ter-000661;4;55;114;land;1452.31;376.21
ter-000662;98;12;105;land;1495.83;386.46
ter-000663;239;3;11;land;1544.1;392.22
ter-000664;163;193;101;land;1578.08;391.7
ter-000665;224;71;9;land;1603.19;392.51
ter-000666;227;195;65;land;1781.0;386.0
ter-000667;140;3;173;land;1806.47;389.16
ter-000668;155;117;195;land;1825.69;392.79
ter-000669;224;17;23;land;1876.47;382.52
ter-000670;83;54;222;land;1904.37;393.63
ter-000671;70;112;154;land;1940.67;391.7
ter-000672;223;156;191;land;1976.29;389.91
ter-000673;226;254;139;land;372.07;422.11
ter-000674;170;88;185;land;385.72;415.94
ter-000675;169;47;156;land;711.13;397.2
ter-000676;5;68;10;land;736.28;401.3
ter-000677;77;7;210;land;768.23;405.67
ter-000678;164;126;3;land;820.96;396.7
ter-000679;167;90;86;land;841.89;409.92
ter-000680;242;8;64;land;903.51;407.11
ter-000681;172;124;55;land;926.31;401.16
ter-000682;201;108;252;land;957.91;394.89
ter-000683;253;219;75;land;1016.32;405.52
ter-000684;38;159;32;land;1031.2;410.08
ter-000685;229;149;145;land;1063.62;403.75
ter-000686;242;128;239;land;1140.11;400.74
ter-000687;206;32;139;land;1166.68;407.21
ter-000688;10;0;17;land;1193.08;402.06
ter-000689;76;40;131;land;1245.32;404.84
ter-000690;176;240;40;land;1281.87;412.68
ter-000691;72;209;117;land;1306.29;413.15
ter-000692;161;8;201;land;1348.93;404.21
ter-000693;201;234;83;land;1381.87;408.21
ter-000694;233;136;53;land;1426.89;409.97
ter-000695;30;18;35;land;1461.97;401.91
ter-000696;97;140;57;land;1496.28;407.63
ter-000697;193;21;249;land;1546.81;407.19
ter-000698;212;168;22;land;1584.35;410.84
ter-000699;244;184;237;land;1618.64;412.67
ter-000700;60;65;174;land;1641.73;419.94
ter-000701;19;236;180;land;1821.39;405.9
ter-000702;31;31;208;land;1850.45;401.94
ter-000703;248;117;224;land;1886.14;407.51
ter-000704;169;97;93;land;1929.32;407.27
ter-000705;57;119;219;land;1951.4;416.58
ter-000706;212;4;55;land;1975.61;398.53
ter-000707;80;162;196;land;337.06;427.59
ter-000708;105;116;104;land;358.94;425.25
ter-000709;209;171;220;land;381.33;427.24
ter-000710;104;58;164;land;444.5;421.67
ter-000711;89;132;228;land;781.04;413.55
ter-000712;31;95;154;land;793.9;410.26
ter-000713;125;92;161;land;902.85;421.68
ter-000714;241;142;115;land;913.27;415.79
ter-000715;95;67;244;land;981.0;435.34
ter-000716;99;215;148;land;998.17;421.3
ter-000717;8;142;88;land;1029.8;429.06
ter-000718;191;212;141;land;1061.18;427.38
ter-000719;131;191;34;land;1166.68;419.08
ter-000720;251;55;207;land;1174.46;419.27
ter-000721;153;95;162;land;1240.05;427.5
ter-000722;102;120;44;land;1263.89;419.26
ter-000723;187;67;249;land;1312.39;428.46
ter-000724;75;23;226;land;1345.3;431.46
ter-000725;3;145;27;land;1379.66;425.14
ter-000726;9;85;124;land;1420.85;424.83
ter-000727;21;95;73;land;1450.51;426.38
ter-000728;185;231;123;land;1485.25;427.43
ter-000729;37;168;233;land;1528.71;414.31
ter-000730;128;60;115;land;1579.7;426.01
ter-000731;158;97;84;land;1601.75;423.68
ter-000732;29;169;12;land;1633.54;436.24
ter-000733;210;12;107;land;1819.76;415.2
ter-000734;81;183;78;land;1845.97;425.14
ter-000735;62;95;237;land;1884.27;423.84
ter-000736;78;173;119;land;1919.18;426.39
ter-000737;82;93;103;land;1946.81;430.18
ter-000738;158;168;139;land;284.17;453.46
ter-000739;241;192;230;land;333.7;448.97
ter-000740;45;70;87;land;352.69;450.82
ter-000741;129;53;188;land;387.18;445.31
ter-000742;115;186;108;land;423.25;445.69
ter-000743;139;39;38;land;551.62;459.52
ter-000744;243;142;244;land;582.95;450.29
ter-000745;189;95;79;land;975.84;448.64
ter-000746;154;135;203;land;1005.55;436.33
ter-000747;10;164;84;land;1025.32;443.34
ter-000748;148;237;121;land;1077.93;443.03
ter-000749;62;245;162;land;1140.2;444.8
ter-000750;130;180;84;land;1218.76;449.07
ter-000751;242;34;82;land;1240.52;449.8
ter-000752;86;198;157;land;1264.11;442.83
ter-000753;71;42;26;land;1305.71;445.94
ter-000754;111;171;67;land;1350.11;449.33
ter-000755;125;191;190;land;1394.11;441.99
ter-000756;143;68;238;land;1424.95;440.79
ter-000757;255;178;83;land;1458.48;449.96
ter-000758;183;232;32;land;1511.53;446.12
ter-000759;191;36;150;land;1546.4;437.53
ter-000760;59;242;223;land;1567.3;442.07
ter-000761;187;155;83;land;1599.33;441.18
ter-000762;105;55;210;land;1650.64;448.08
ter-000763;228;244;68;land;1668.87;453.89
ter-000764;172;251;125;land;1859.27;426.81
ter-000765;244;157;209;land;1872.3;438.18
ter-000766;222;65;39;land;1919.0;444.99
ter-000767;101;186;207;land;1944.97;441.02
ter-000768;178;239;185;land;269.76;464.22
ter-000769;149;242;3;land;299.91;456.88
ter-000770;214;249;57;land;319.46;466.9
ter-000771;138;121;107;land;374.24;462.51
ter-000772;23;42;31;land;406.98;462.48
ter-000773;216;15;212;land;431.2;468.96
ter-000774;169;62;64;land;463.17;467.33
ter-000775;245;66;129;land;556.82;467.8
ter-000776;171;21;254;land;577.31;458.03
ter-000777;232;156;90;land;791.93;469.86
ter-000778;228;67;146;land;796.05;476.01
ter-000779;185;101;47;land;967.34;459.5
ter-000780;221;92;249;land;993.71;452.58
ter-000781;194;116;157;land;1026.73;453.37
ter-000782;32;12;171;land;1096.4;468.38
ter-000783;236;61;64;land;1102.49;472.85
ter-000784;255;94;53;land;1138.0;463.0
ter-000785;190;113;187;land;1218.74;455.74
ter-000786;80;255;151;land;1236.23;457.72
ter-000787;206;23;92;land;1251.85;464.35
ter-000788;142;57;238;land;1295.91;465.67
ter-000789;137;23;26;land;1339.76;465.34
ter-000790;5;180;202;land;1389.95;460.71
ter-000791;18;233;80;land;1427.1;464.6
ter-000792;205;149;120;land;1482.12;468.23
ter-000793;147;165;56;land;1510.89;462.66
ter-000794;249;111;113;land;1542.74;458.72
ter-000795;201;162;6;land;1587.2;475.18
ter-000796;55;117;175;land;1596.01;458.57
ter-000797;254;86;90;land;1632.83;461.61
ter-000798;120;80;56;land;1677.22;470.55
ter-000799;117;114;233;land;1698.3;469.17
ter-000800;19;87;145;land;1883.45;450.36
ter-000801;124;20;24;land;1926.3;470.92
ter-000802;99;255;167;land;1927.03;459.64
ter-000803;219;139;255;land;266.19;494.59
ter-000804;108;216;114;land;284.74;478.48
ter-000805;70;3;44;land;308.05;484.05
ter-000806;117;117;198;land;354.63;484.06
ter-000807;145;179;152;land;403.95;489.62
ter-000808;216;109;115;land;437.98;485.24
ter-000809;91;179;18;land;462.27;494.64
ter-000810;31;102;6;land;528.03;486.69
ter-000811;31;201;109;land;543.75;476.25
ter-000812;192;148;163;land;561.41;478.06
ter-000813;111;70;254;land;662.75;492.0
ter-000814;61;131;118;land;717.41;498.85
ter-000815;243;163;114;land;749.22;483.61
ter-000816;51;181;179;land;790.84;492.5
ter-000817;184;13;143;land;799.78;494.02
ter-000818;165;7;60;land;900.03;494.98
ter-000819;190;70;235;land;929.12;502.96
ter-000820;169;206;159;land;1093.0;483.0
ter-000821;59;230;45;land;1133.02;487.5
ter-000822;183;126;149;land;1141.82;495.45
ter-000823;3;135;251;land;1251.22;476.59
ter-000824;219;178;220;land;1265.75;472.17
ter-000825;97;49;42;land;1285.8;477.35
ter-000826;229;102;191;land;1326.37;486.14
ter-000827;19;209;250;land;1373.71;477.72
ter-000828;44;12;90;land;1406.62;491.57
ter-000829;204;134;149;land;1465.45;475.37
ter-000830;48;86;166;land;1498.77;483.8
ter-000831;44;159;81;land;1528.07;483.7
ter-000832;177;254;40;land;1555.32;478.55
ter-000833;29;139;199;land;1615.14;482.65
ter-000834;248;102;191;land;1652.95;475.47
ter-000835;176;219;38;land;1678.13;485.32
ter-000836;104;22;109;land;1700.19;480.67
ter-000837;113;168;234;land;1930.67;479.73
ter-000838;50;247;25;land;1938.02;481.05
ter-000839;201;120;207;land;250.15;504.73
ter-000840;57;246;145;land;287.78;511.74
ter-000841;220;117;210;land;310.75;500.27
ter-000842;102;141;138;land;361.46;506.2
ter-000843;241;247;187;land;385.35;493.12
ter-000844;100;169;11;land;431.46;502.79
ter-000845;83;133;46;land;477.62;505.91
ter-000846;119;208;141;land;514.03;504.54
ter-000847;57;88;208;land;540.62;503.2
ter-000848;14;140;193;land;649.13;502.99
ter-000849;238;158;201;land;665.9;509.86
ter-000850;107;28;154;land;702.67;517.16
ter-000851;73;209;138;land;733.72;499.4
ter-000852;54;164;86;land;759.87;507.69
ter-000853;38;149;238;land;814.61;504.97
ter-000854;14;213;9;land;837.78;508.77
ter-000855;236;252;121;land;880.52;509.7
ter-000856;106;62;197;land;914.77;502.77
ter-000857;251;71;249;land;975.45;510.7
ter-000858;39;237;38;land;1132.3;498.92
ter-000859;4;19;79;land;1155.0;506.53
ter-000860;229;216;125;land;1196.7;511.78
ter-000861;214;223;252;land;1288.67;494.89
ter-000862;222;185;42;land;1303.8;500.66
ter-000863;166;195;117;land;1355.43;499.59
ter-000864;161;69;228;land;1387.43;508.88
ter-000865;22;219;24;land;1433.63;490.93
ter-000866;204;79;114;land;1470.29;494.36
ter-000867;152;126;73;land;1494.3;502.76
ter-000868;98;111;41;land;1523.93;503.72
ter-000869;150;141;63;land;1563.03;499.7
ter-000870;237;19;96;land;1616.59;498.38
ter-000871;2;4;94;land;1646.47;495.98
ter-000872;219;254;230;land;1681.97;500.47
ter-000873;78;237;195;land;246.05;524.21
ter-000874;151;149;250;land;268.42;516.51
ter-000875;251;93;230;land;336.09;513.06
ter-000876;122;114;247;land;366.77;522.53
ter-000877;239;71;43;land;397.47;518.67
ter-000878;255;123;23;land;450.34;521.22
ter-000879;67;129;116;land;488.04;521.13
ter-000880;192;44;255;land;500.75;508.86
ter-000881;90;68;240;land;650.48;517.42
ter-000882;116;163;240;land;664.17;525.18
ter-000883;231;154;159;land;680.36;523.0
ter-000884;119;132;90;land;728.79;524.34
ter-000885;65;238;63;land;780.74;518.26
ter-000886;253;125;184;land;806.37;525.79
ter-000887;215;204;69;land;844.48;521.57
ter-000888;178;100;207;land;900.78;521.41
ter-000889;100;25;114;land;925.0;526.13
ter-000890;20;101;8;land;974.65;519.28
ter-000891;181;218;146;land;984.28;523.52
ter-000892;168;45;137;land;1075.3;534.5
ter-000893;142;151;144;land;1132.43;510.44
ter-000894;112;20;131;land;1154.15;521.49
ter-000895;135;159;220;land;1177.82;527.25
ter-000896;130;224;81;land;1208.98;521.47
ter-000897;73;167;37;land;1302.63;512.89
ter-000898;39;251;227;land;1365.39;519.3
ter-000899;148;208;144;land;1364.6;511.53
ter-000900;153;1;129;land;1428.81;522.28
ter-000901;165;185;144;land;1457.11;512.78
ter-000902;190;51;210;land;1507.34;518.58
ter-000903;200;32;218;land;1552.33;522.66
ter-000904;244;74;81;land;1587.08;510.8
ter-000905;147;245;146;land;1619.64;518.13
ter-000906;169;241;218;land;1650.39;515.92
ter-000907;119;171;127;land;1684.83;521.85
ter-000908;172;144;33;land;253.96;538.68
ter-000909;11;171;159;land;283.92;542.89
ter-000910;219;70;105;land;318.64;534.37
ter-000911;186;113;61;land;369.99;543.28
ter-000912;136;253;149;land;401.9;542.27
ter-000913;47;62;89;land;428.11;537.7
ter-000914;217;185;139;land;469.44;533.71
ter-000915;223;45;156;land;491.19;534.4
ter-000916;211;47;168;land;665.95;537.39
ter-000917;234;55;216;land;696.07;541.61
ter-000918;192;67;215;land;753.74;533.87
ter-000919;99;243;40;land;789.42;547.08
ter-000920;139;98;225;land;806.87;547.05
ter-000921;62;68;151;land;849.11;534.92
ter-000922;240;107;21;land;895.75;534.94
ter-000923;193;252;216;land;945.71;543.19
ter-000924;183;226;143;land;968.23;539.89
ter-000925;83;237;18;land;1020.46;538.3
ter-000926;182;110;70;land;1051.07;543.63
ter-000927;164;212;132;land;1082.58;547.84
ter-000928;22;90;1;land;1099.13;548.22
ter-000929;76;64;139;land;1168.01;539.13
ter-000930;32;84;120;land;1207.46;551.0
ter-000931;210;116;239;land;1224.04;544.93
ter-000932;53;232;62;land;1260.0;530.0
ter-000933;187;16;182;land;1304.43;546.53
ter-000934;169;83;173;land;1372.22;532.32
ter-000935;243;64;232;land;1395.36;538.35
ter-000936;197;79;8;land;1411.9;532.51
ter-000937;175;104;24;land;1464.91;539.15
ter-000938;58;207;26;land;1491.15;537.38
ter-000939;20;244;137;land;1525.26;536.37
ter-000940;164;124;247;land;1556.85;546.51
ter-000941;45;127;84;land;1598.37;531.77
ter-000942;236;89;200;land;1647.98;533.68
ter-000943;170;235;15;land;1695.11;537.38
ter-000944;82;101;131;land;1705.63;541.46
ter-000945;202;129;8;land;252.89;557.44
ter-000946;135;70;88;land;279.63;564.86
ter-000947;1;103;219;land;306.33;564.13
ter-000948;165;161;221;land;345.42;556.89
ter-000949;91;137;210;land;400.56;563.27
ter-000950;222;82;130;land;428.19;564.24
ter-000951;212;199;137;land;468.13;549.4
ter-000952;134;49;85;land;681.8;549.43
ter-000953;214;63;247;land;712.65;568.97
ter-000954;227;127;95;land;722.16;550.95
ter-000955;10;52;110;land;763.92;556.35
ter-000956;115;112;78;land;830.78;551.3
ter-000957;155;98;173;land;854.06;562.09
ter-000958;91;151;110;land;884.99;554.95
ter-000959;72;156;221;land;934.44;560.82
ter-000960;100;14;222;land;971.64;561.72
ter-000961;40;114;220;land;1015.8;554.28
ter-000962;59;75;153;land;1041.54;559.56
ter-000963;28;69;228;land;1068.98;565.74
ter-000964;69;107;149;land;1100.72;561.5
ter-000965;136;13;83;land;1152.0;544.51
ter-000966;200;84;212;land;1195.39;549.29
ter-000967;54;121;9;land;1206.88;560.45
ter-000968;103;198;41;land;1261.4;554.4
ter-000969;82;223;206;land;1324.21;561.03
ter-000970;108;242;138;land;1321.4;554.17
ter-000971;54;25;93;land;1412.82;549.94
ter-000972;44;198;109;land;1413.58;561.03
ter-000973;69;107;165;land;1451.77;556.52
ter-000974;160;170;73;land;1504.26;559.71
ter-000975;217;90;80;land;1530.51;566.14
ter-000976;47;185;253;land;1583.36;552.11
ter-000977;209;151;206;land;1613.99;552.56
ter-000978;53;147;212;land;1651.36;551.56
ter-000979;218;85;122;land;1680.11;554.5
ter-000980;78;163;29;land;1698.2;553.12
ter-000981;136;120;26;land;240.94;571.56
ter-000982;169;120;193;land;275.1;581.79
ter-000983;90;132;223;land;328.41;578.0
ter-000984;63;49;184;land;345.09;584.73
ter-000985;169;63;152;land;384.86;577.5
ter-000986;137;12;227;land;442.11;577.24
ter-000987;37;212;91;land;458.13;567.91
ter-000988;5;127;250;land;696.8;572.42
ter-000989;207;127;249;land;740.71;569.05
ter-000990;240;30;252;land;787.64;573.12
ter-000991;128;178;239;land;810.53;578.88
ter-000992;5;163;234;land;845.79;576.67
ter-000993;152;49;145;land;902.55;583.84
ter-000994;241;118;44;land;934.64;570.51
ter-000995;211;24;152;land;965.22;580.04
ter-000996;193;46;72;land;1019.51;581.34
ter-000997;195;139;72;land;1053.02;583.6
ter-000998;174;179;86;land;1090.19;580.37
ter-000999;208;199;44;land;1115.59;590.81
ter-001000;52;133;217;land;1143.47;581.78
ter-001001;231;156;209;land;1204.38;567.34
ter-001002;154;97;198;land;1249.6;585.27
ter-001003;75;48;149;land;1262.01;583.16
ter-001004;186;0;30;land;1407.68;576.72
ter-001005;110;21;245;land;1423.86;565.89
ter-001006;132;86;49;land;1448.45;569.8
ter-001007;13;18;183;land;1478.37;575.68
ter-001008;91;42;123;land;1554.84;577.84
ter-001009;186;14;155;land;1582.58;571.03
ter-001010;177;24;171;land;1613.56;574.1
ter-001011;73;72;20;land;1654.08;568.16
ter-001012;190;78;34;land;1668.94;579.24
ter-001013;36;203;119;land;259.17;598.29
ter-001014;151;111;117;land;296.45;596.49
ter-001015;144;92;82;land;322.91;596.56
ter-001016;164;58;226;land;359.8;588.12
ter-001017;252;235;107;land;393.3;598.05
ter-001018;228;152;32;land;429.32;587.76
ter-001019;86;55;20;land;706.07;596.27
ter-001020;218;148;209;land;733.48;591.86
ter-001021;44;95;122;land;767.65;593.86
ter-001022;223;0;92;land;829.73;605.23
ter-001023;67;86;170;land;852.85;593.72
ter-001024;143;82;224;land;880.43;594.97
ter-001025;188;210;164;land;925.5;595.55
ter-001026;158;43;154;land;948.84;590.46
ter-001027;158;7;9;land;1004.39;600.37
ter-001028;149;208;232;land;1036.56;601.27
ter-001029;142;214;31;land;1061.91;606.98
ter-001030;94;60;182;land;1099.88;593.89
ter-001031;229;177;223;land;1130.46;597.68
ter-001032;109;224;158;land;1203.29;587.87
ter-001033;153;212;104;land;1232.15;577.58
ter-001034;155;250;209;land;1267.21;592.24
ter-001035;50;81;209;land;1300.04;603.75
ter-001036;96;75;0;land;1472.06;595.72
ter-001037;101;82;245;land;1521.12;591.31
ter-001038;114;83;98;land;1555.89;604.1
ter-001039;133;222;25;land;1569.61;587.66
ter-001040;77;212;25;land;1604.05;595.55
ter-001041;225;230;82;land;1648.59;582.82
ter-001042;192;91;1;land;1671.67;588.31
ter-001043;172;42;73;land;214.4;628.39
ter-001044;68;3;204;land;251.72;615.09
ter-001045;182;217;60;land;285.29;606.29
ter-001046;5;22;123;land;308.11;599.98
ter-001047;34;141;210;land;356.05;610.66
ter-001048;185;186;237;land;382.02;606.81
ter-001049;240;66;207;land;642.86;628.68
ter-001050;87;127;252;land;649.12;632.06
ter-001051;24;197;5;land;698.46;624.11
ter-001052;164;72;66;land;733.78;611.46
ter-001053;74;216;142;land;790.7;608.9
ter-001054;74;6;154;land;813.22;622.96
ter-001055;117;204;117;land;862.47;612.67
ter-001056;171;235;40;land;884.49;618.44
ter-001057;215;102;77;land;924.76;624.0
ter-001058;254;11;105;land;946.43;630.12
ter-001059;164;115;145;land;1017.48;611.88
ter-001060;23;252;133;land;1041.11;620.83
ter-001061;249;157;31;land;1081.46;607.39
ter-001062;217;167;173;land;1111.34;612.99
ter-001063;108;246;88;land;1141.53;610.24
ter-001064;207;66;104;land;1193.0;617.5
ter-001065;236;255;104;land;1268.69;603.2
ter-001066;245;106;192;land;1299.56;615.08
ter-001067;12;235;189;land;1323.83;614.93
ter-001068;20;208;206;land;1475.43;621.65
ter-001069;138;254;110;land;1496.64;620.42
ter-001070;33;57;182;land;1526.76;620.34
ter-001071;184;61;40;land;1586.72;612.49
ter-001072;201;132;151;land;1594.79;625.98
ter-001073;112;83;242;land;1624.26;618.68
ter-001074;134;255;74;land;1892.47;626.44
ter-001075;229;201;64;land;1898.77;627.03
ter-001076;120;94;238;land;198.78;631.18
ter-001077;185;236;210;land;231.11;619.28
ter-001078;228;229;222;land;635.73;637.49
ter-001079;26;241;107;land;678.22;624.1
ter-001080;155;232;208;land;716.67;634.81
ter-001081;147;114;254;land;740.97;629.33
ter-001082;151;177;3;land;760.35;634.6
ter-001083;133;103;53;land;801.27;637.44
ter-001084;56;215;242;land;850.52;630.09
ter-001085;143;218;125;land;896.36;636.87
ter-001086;185;213;69;land;913.58;629.66
ter-001087;127;124;52;land;986.05;629.93
ter-001088;24;145;83;land;998.73;631.94
ter-001089;46;24;225;land;1033.87;634.98
ter-001090;73;173;122;land;1077.66;635.19
ter-001091;154;19;101;land;1129.7;629.18
ter-001092;248;5;181;land;1163.27;608.83
ter-001093;221;191;27;land;1323.43;621.87
ter-001094;182;187;241;land;1363.28;642.27
ter-001095;7;117;111;land;1369.12;633.49
ter-001096;140;246;186;land;1456.68;622.27
ter-001097;20;118;166;land;1483.65;637.42
ter-001098;129;132;169;land;1550.46;632.8
ter-001099;55;14;207;land;1566.42;630.08
ter-001100;119;49;240;land;1607.51;636.89
ter-001101;55;227;147;land;1639.83;620.59
ter-001102;97;139;224;land;1890.66;632.81
ter-001103;108;58;33;land;1902.25;627.12
ter-001104;231;18;1;land;206.5;639.46
ter-001105;246;167;238;land;570.0;663.78
ter-001106;75;200;235;land;639.51;653.44
ter-001107;196;187;123;land;658.59;654.71
ter-001108;221;110;0;land;721.7;647.05
ter-001109;153;112;212;land;751.28;659.04
ter-001110;186;124;227;land;775.68;646.46
ter-001111;214;219;254;land;797.7;654.25
ter-001112;53;150;108;land;859.26;650.52
ter-001113;204;249;130;land;873.89;652.99
ter-001114;45;41;231;land;947.02;662.44
ter-001115;4;59;104;land;973.69;653.58
ter-001116;51;239;170;land;1014.74;646.73
ter-001117;202;169;226;land;1044.25;653.38
ter-001118;239;96;253;land;1078.48;653.77
ter-001119;221;183;11;land;1123.32;656.31
ter-001120;162;74;105;land;1141.35;651.06
ter-001121;55;32;86;land;1358.8;652.44
ter-001122;202;255;86;land;1379.12;654.47
ter-001123;66;97;116;land;1404.6;655.24
ter-001124;225;46;17;land;1464.94;643.24
ter-001125;152;249;179;land;1491.93;645.16
ter-001126;61;56;190;land;1562.07;651.18
ter-001127;33;211;47;land;1587.39;648.23
ter-001128;149;231;105;land;1611.95;654.39
ter-001129;216;124;120;land;1628.9;651.06
ter-001130;147;58;166;land;149.5;678.0
ter-001131;95;165;61;land;167.09;669.61
ter-001132;211;19;248;land;207.0;680.0
ter-001133;246;108;30;land;226.0;671.5
ter-001134;179;133;231;land;576.32;675.31
ter-001135;221;183;72;land;602.67;673.27
ter-001136;122;249;153;land;629.53;670.54
ter-001137;216;39;246;land;649.36;667.67
ter-001138;108;141;224;land;737.14;662.63
ter-001139;79;169;198;land;771.18;670.38
ter-001140;213;33;59;land;809.85;674.51
ter-001141;184;45;202;land;845.05;668.98
ter-001142;57;12;16;land;897.78;663.56
ter-001143;77;213;173;land;932.48;677.18
ter-001144;117;191;69;land;955.24;679.13
ter-001145;34;112;26;land;1000.5;668.59
ter-001146;39;106;29;land;1042.51;672.21
ter-001147;72;157;233;land;1081.65;668.34
ter-001148;5;244;129;land;1101.67;667.26
ter-001149;247;151;172;land;1150.9;668.36
ter-001150;233;120;247;land;1248.42;675.42
ter-001151;176;192;53;land;1253.17;680.07
ter-001152;213;58;66;land;1307.33;684.17
ter-001153;3;45;117;land;1395.71;671.31
ter-001154;37;117;166;land;1415.55;670.63
ter-001155;94;103;216;land;1459.49;684.17
ter-001156;64;212;126;land;1587.06;662.92
ter-001157;80;184;246;land;1619.79;664.9
ter-001158;173;17;238;land;1630.5;663.29
ter-001159;102;222;94;land;125.26;695.32
ter-001160;92;40;140;land;199.46;679.93
ter-001161;94;185;43;land;446.0;696.5
ter-001162;249;104;249;land;482.91;686.76
ter-001163;160;66;5;land;511.97;699.5
ter-001164;65;181;132;land;572.89;686.53
ter-001165;179;180;112;land;595.04;688.21
ter-001166;12;241;52;land;623.8;688.43
ter-001167;113;177;150;land;743.47;693.36
ter-001168;95;111;202;land;765.73;692.59
ter-001169;232;44;17;land;822.81;698.57
ter-001170;153;49;17;land;872.46;681.56
ter-001171;236;164;143;land;872.93;692.16
ter-001172;251;227;46;land;928.29;690.94
ter-001173;53;159;81;land;971.08;693.52
ter-001174;174;132;47;land;1002.2;686.71
ter-001175;139;183;120;land;1048.29;690.54
ter-001176;115;205;65;land;1075.81;688.48
ter-001177;155;47;21;land;1116.81;681.52
ter-001178;102;19;127;land;1235.93;686.11
ter-001179;110;75;15;land;1260.06;691.67
ter-001180;99;148;69;land;1303.63;694.72
ter-001181;204;89;53;land;1339.15;690.54
ter-001182;122;194;180;land;1407.24;691.43
ter-001183;40;44;141;land;1428.85;685.25
ter-001184;18;165;103;land;1467.06;694.73
ter-001185;189;184;201;land;1482.01;703.64
ter-001186;192;220;223;land;101.2;710.2
ter-001187;28;216;118;land;115.38;702.62
ter-001188;84;39;205;land;490.14;711.11
ter-001189;126;214;40;land;502.48;719.72
ter-001190;157;123;126;land;569.6;711.74
ter-001191;25;32;248;land;582.61;700.09
ter-001192;19;218;139;land;617.38;698.64
ter-001193;252;40;75;land;723.41;720.88
ter-001194;241;127;61;land;730.57;708.71
ter-001195;201;243;25;land;773.99;714.84
ter-001196;155;22;189;land;797.72;705.31
ter-001197;3;150;89;land;867.37;705.77
ter-001198;144;95;17;land;906.81;712.27
ter-001199;150;249;80;land;938.66;709.37
ter-001200;182;147;119;land;961.64;714.22
ter-001201;232;113;3;land;1011.18;706.12
ter-001202;175;11;160;land;1054.68;713.25
ter-001203;250;15;58;land;1083.63;706.33
ter-001204;175;175;197;land;1106.66;710.99
ter-001205;22;205;80;land;1143.01;723.86
ter-001206;59;44;10;land;1199.1;712.69
ter-001207;156;45;88;land;1244.59;704.21
ter-001208;177;122;121;land;1270.08;715.92
ter-001209;98;79;12;land;1290.97;709.27
ter-001210;37;83;71;land;1323.86;714.2
ter-001211;221;118;124;land;1435.91;704.77
ter-001212;19;73;141;land;1452.47;707.26
ter-001213;14;145;181;land;1479.96;712.81
ter-001214;95;246;232;land;1520.66;715.15
ter-001215;47;9;32;land;1583.0;718.0
ter-001216;64;21;132;land;65.0;734.0
ter-001217;114;129;52;land;458.96;736.38
ter-001218;97;131;42;land;470.96;738.73
ter-001219;240;161;229;land;518.78;723.11
ter-001220;117;160;251;land;528.04;729.12
ter-001221;77;206;35;land;575.67;714.66
ter-001222;75;10;138;land;706.97;730.26
ter-001223;9;34;218;land;749.59;729.24
ter-001224;72;85;12;land;779.92;737.45
ter-001225;116;146;115;land;802.26;729.59
ter-001226;10;104;18;land;843.74;724.22
ter-001227;243;114;174;land;889.59;733.16
ter-001228;222;116;136;land;938.86;730.16
ter-001229;88;73;126;land;975.32;733.71
ter-001230;108;24;141;land;1011.01;728.25
ter-001231;107;255;31;land;1050.96;738.9
ter-001232;66;249;237;land;1078.55;735.83
ter-001233;57;148;93;land;1106.0;726.21
ter-001234;250;250;252;land;1168.75;729.53
ter-001235;96;45;40;land;1192.9;732.37
ter-001236;177;159;58;land;1228.66;731.09
ter-001237;246;128;238;land;1290.06;732.57
ter-001238;152;239;29;land;1312.88;725.98
ter-001239;210;145;129;land;1335.6;732.64
ter-001240;76;14;57;land;1366.78;733.75
ter-001241;194;187;128;land;1401.95;734.21
ter-001242;121;52;150;land;1466.98;717.58
ter-001243;60;34;161;land;1483.04;721.65
ter-001244;82;219;74;land;1535.81;715.46
ter-001245;239;209;124;land;1562.55;727.93
ter-001246;217;159;56;land;54.22;743.22
ter-001247;219;65;146;land;486.48;739.65
ter-001248;171;38;221;land;506.88;739.61
ter-001249;82;0;183;land;673.99;754.76
ter-001250;149;172;246;land;716.72;742.65
ter-001251;183;75;251;land;751.75;748.98
ter-001252;171;10;240;land;794.21;750.43
ter-001253;66;185;78;land;832.43;752.35
ter-001254;137;70;210;land;867.99;754.67
ter-001255;139;11;166;land;888.75;751.18
ter-001256;121;81;116;land;913.53;754.6
ter-001257;27;7;113;land;954.86;754.54
ter-001258;1;183;81;land;994.07;754.95
ter-001259;170;1;153;land;1032.35;752.78
ter-001260;158;115;7;land;1096.5;753.64
ter-001261;207;78;255;land;1117.24;751.63
ter-001262;203;245;121;land;1150.48;752.74
ter-001263;148;89;206;land;1198.88;747.07
ter-001264;247;240;239;land;1252.37;742.22
ter-001265;92;120;14;land;1284.02;751.89
ter-001266;192;182;160;land;1314.16;752.16
ter-001267;155;14;100;land;1342.55;748.42
ter-001268;210;237;75;land;1365.46;744.09
ter-001269;68;102;117;land;1402.33;737.67
ter-001270;48;244;17;land;1577.86;751.14
ter-001271;93;232;189;land;1637.61;756.6
ter-001272;195;130;82;land;1635.7;752.52
ter-001273;227;177;37;land;403.97;776.51
ter-001274;56;114;28;land;440.62;773.38
ter-001275;94;21;226;land;641.64;780.45
ter-001276;130;25;106;land;666.59;767.7
ter-001277;190;62;98;land;692.13;768.78
ter-001278;175;145;131;land;727.92;753.4
ter-001279;28;185;162;land;769.0;765.4
ter-001280;177;244;210;land;815.39;764.32
ter-001281;18;213;181;land;855.5;772.12
ter-001282;99;189;101;land;892.26;767.74
ter-001283;220;144;81;land;928.47;758.18
ter-001284;34;55;59;land;956.14;780.48
ter-001285;18;65;234;land;1015.7;766.2
ter-001286;126;34;186;land;1042.02;773.34
ter-001287;48;156;192;land;1068.52;766.82
ter-001288;6;90;147;land;1130.18;757.42
ter-001289;112;37;10;land;1165.22;775.24
ter-001290;148;161;46;land;1197.26;762.3
ter-001291;73;72;61;land;1229.46;763.84
ter-001292;163;185;11;land;1265.12;760.75
ter-001293;99;253;43;land;1298.95;768.96
ter-001294;43;0;169;land;1340.86;758.98
ter-001295;28;66;181;land;1454.0;773.0
ter-001296;168;60;143;land;1514.59;779.11
ter-001297;82;125;19;land;1543.91;776.66
ter-001298;180;93;79;land;1633.67;765.5
ter-001299;18;89;104;land;1689.58;775.81
ter-001300;130;235;146;land;397.38;786.56
ter-001301;23;7;61;land;603.07;797.58
ter-001302;126;130;239;land;623.82;784.92
ter-001303;145;169;194;land;660.06;788.24
ter-001304;250;57;191;land;693.15;788.21
ter-001305;153;254;252;land;715.51;790.1
ter-001306;254;22;230;land;763.2;785.95
ter-001307;44;187;131;land;802.96;792.25
ter-001308;155;224;210;land;840.39;787.58
ter-001309;172;36;82;land;877.04;791.07
ter-001310;126;44;17;land;929.08;781.18
ter-001311;255;185;63;land;974.87;782.57
ter-001312;5;48;40;land;994.95;780.68
ter-001313;172;85;60;land;1051.45;789.95
ter-001314;11;69;7;land;1084.19;776.97
ter-001315;94;191;1;land;1108.17;784.74
ter-001316;204;132;133;land;1155.71;794.66
ter-001317;145;139;154;land;1205.37;782.25
ter-001318;46;236;117;land;1243.87;786.14
ter-001319;116;26;22;land;1271.0;781.96
ter-001320;111;68;231;land;1284.93;789.36
ter-001321;113;227;188;land;1349.42;793.89
ter-001322;76;126;198;land;1394.79;798.49
ter-001323;0;176;102;land;1410.68;795.22
ter-001324;11;57;150;land;1469.29;788.82
ter-001325;199;254;143;land;1502.97;791.07
ter-001326;36;151;111;land;1532.38;781.47
ter-001327;126;14;76;land;1551.57;790.78
ter-001328;209;103;215;land;1696.41;779.27
ter-001329;104;0;152;land;1705.14;779.87
ter-001330;23;141;75;land;371.88;808.88
ter-001331;80;177;25;land;606.05;809.35
ter-001332;43;242;49;land;624.51;802.96
ter-001333;87;104;239;land;649.67;805.65
ter-001334;28;249;106;land;682.04;806.67
ter-001335;131;109;40;land;720.84;807.08
ter-001336;83;74;83;land;765.01;808.95
ter-001337;139;224;186;land;826.98;808.62
ter-001338;95;167;101;land;851.44;805.45
ter-001339;202;212;252;land;900.33;798.24
ter-001340;9;117;123;land;931.53;802.44
ter-001341;89;24;107;land;986.5;811.12
ter-001342;102;253;39;land;990.74;801.41
ter-001343;205;31;223;land;1024.48;808.46
ter-001344;5;66;228;land;1075.23;801.44
ter-001345;165;213;139;land;1124.56;802.77
ter-001346;86;230;222;land;1146.14;811.51
ter-001347;61;21;101;land;1191.8;806.57
ter-001348;200;218;49;land;1224.33;804.13
ter-001349;162;66;204;land;1258.77;802.84
ter-001350;73;129;185;land;1323.04;815.02
ter-001351;83;101;119;land;1355.05;810.49
ter-001352;222;163;67;land;1378.74;808.33
ter-001353;209;118;26;land;1407.22;813.03
ter-001354;253;123;37;land;1456.5;798.0
ter-001355;107;115;82;land;1488.91;802.52
ter-001356;141;34;76;land;1523.61;802.38
ter-001357;99;64;53;land;1560.04;808.24
ter-001358;65;178;254;land;1738.97;812.06
ter-001359;167;62;123;land;1747.36;814.59
ter-001360;87;10;27;land;593.52;828.87
ter-001361;228;116;95;land;613.67;823.26
ter-001362;71;168;23;land;649.27;821.58
ter-001363;203;120;44;land;698.43;824.86
ter-001364;9;210;230;land;730.35;826.64
ter-001365;16;45;70;land;776.85;825.35
ter-001366;54;214;205;land;807.76;817.26
ter-001367;240;62;167;land;847.47;832.4
ter-001368;187;130;162;land;883.78;823.79
ter-001369;139;8;116;land;929.51;829.92
ter-001370;200;44;142;land;958.07;822.39
ter-001371;227;67;11;land;992.42;820.2
ter-001372;248;37;80;land;1046.57;818.43
ter-001373;62;35;93;land;1071.38;821.94
ter-001374;49;238;188;land;1104.96;822.82
ter-001375;17;34;127;land;1156.65;834.2
ter-001376;63;91;204;land;1201.48;824.66
ter-001377;172;118;38;land;1233.86;830.86
ter-001378;96;81;168;land;1251.84;820.06
ter-001379;112;141;97;land;1296.23;816.9
ter-001380;125;232;244;land;1348.94;828.32
ter-001381;70;202;31;land;1370.61;835.31
ter-001382;254;249;50;land;1427.26;817.04
ter-001383;57;183;109;land;1430.84;832.72
ter-001384;243;86;70;land;1509.18;822.67
ter-001385;94;122;240;land;1535.6;824.13
ter-001386;149;121;146;land;1564.01;825.16
ter-001387;182;3;218;land;1601.3;830.27
ter-001388;160;21;156;land;1627.81;832.62
ter-001389;58;246;216;land;1740.14;816.12
ter-001390;205;206;199;land;1768.98;824.07
ter-001391;152;105;198;land;1792.0;830.0
ter-001392;101;100;33;land;538.9;854.66
ter-001393;16;213;62;land;610.15;836.43
ter-001394;16;146;232;land;636.96;846.02
ter-001395;23;26;252;land;670.28;839.27
ter-001396;198;100;2;land;697.62;851.52
ter-001397;222;150;129;land;747.4;844.29
ter-001398;64;16;88;land;772.98;852.43
ter-001399;187;142;14;land;821.62;839.26
ter-001400;23;91;48;land;870.52;847.63
ter-001401;213;192;194;land;901.18;835.49
ter-001402;48;116;52;land;912.66;832.5
ter-001403;231;99;134;land;979.47;837.86
ter-001404;202;54;48;land;1010.1;844.22
ter-001405;5;87;137;land;1049.87;844.17
ter-001406;222;12;21;land;1086.04;841.78
ter-001407;170;148;247;land;1111.76;842.99
ter-001408;26;93;72;land;1135.49;846.59
ter-001409;235;144;87;land;1191.18;839.42
ter-001410;92;40;81;land;1218.61;840.4
ter-001411;167;197;1;land;1279.16;837.74
ter-001412;203;56;64;land;1300.84;838.29
ter-001413;84;245;185;land;1349.65;843.98
ter-001414;125;203;72;land;1390.57;838.13
ter-001415;124;82;69;land;1415.82;847.57
ter-001416;6;144;25;land;1482.08;845.31
ter-001417;117;32;54;land;1499.58;842.42
ter-001418;132;152;122;land;1533.12;843.38
ter-001419;170;214;253;land;1559.58;845.2
ter-001420;79;24;80;land;1603.47;841.61
ter-001421;39;246;204;land;1629.84;849.68
ter-001422;238;74;100;land;1758.33;844.67
ter-001423;74;128;137;land;527.48;866.82
ter-001424;167;46;207;land;557.91;862.24
ter-001425;38;83;202;land;583.1;864.68
ter-001426;176;230;113;land;606.8;859.28
ter-001427;146;57;190;land;672.9;861.87
ter-001428;149;222;218;land;714.37;858.61
ter-001429;167;187;62;land;749.26;868.44
ter-001430;43;2;87;land;794.77;853.36
ter-001431;16;206;233;land;819.9;861.34
ter-001432;9;239;232;land;852.01;865.62
ter-001433;123;15;242;land;901.44;858.99
ter-001434;169;11;119;land;936.46;855.66
ter-001435;26;121;249;land;977.35;858.3
ter-001436;16;8;108;land;989.89;873.13
ter-001437;44;1;231;land;1057.33;861.14
ter-001438;22;240;47;land;1077.94;866.56
ter-001439;139;155;237;land;1120.24;861.78
ter-001440;30;211;162;land;1175.79;865.32
ter-001441;22;160;77;land;1200.07;852.84
ter-001442;81;159;129;land;1247.79;862.36
ter-001443;123;209;46;land;1272.81;859.29
ter-001444;156;44;191;land;1307.86;859.84
ter-001445;105;44;209;land;1334.15;852.88
ter-001446;179;192;170;land;1399.76;870.66
ter-001447;73;13;218;land;1405.93;857.05
ter-001448;12;91;74;land;1437.54;869.79
ter-001449;79;29;47;land;1502.03;857.74
ter-001450;9;95;40;land;1533.09;865.72
ter-001451;103;193;18;land;1582.34;857.82
ter-001452;48;65;218;land;1607.07;857.35
ter-001453;155;163;225;land;1638.53;870.09
ter-001454;188;30;95;land;1681.38;866.99
ter-001455;158;11;112;land;1715.65;869.65
ter-001456;66;67;186;land;1814.66;857.62
ter-001457;68;87;6;land;1819.0;859.67
ter-001458;241;19;240;land;520.1;884.83
ter-001459;70;128;180;land;548.83;877.63
ter-001460;195;122;196;land;585.07;887.54
ter-001461;247;32;29;land;632.14;883.04
ter-001462;65;242;138;land;676.75;882.15
ter-001463;51;48;211;land;694.06;880.9
ter-001464;83;73;134;land;728.67;877.48
ter-001465;59;140;77;land;791.12;894.64
ter-001466;43;73;242;land;815.47;885.47
ter-001467;151;82;170;land;862.08;883.75
ter-001468;165;110;173;land;901.14;878.82
ter-001469;37;33;21;land;924.07;887.18
ter-001470;73;173;11;land;958.39;877.25
ter-001471;176;252;185;land;1020.73;878.44
ter-001472;238;157;4;land;1041.51;874.43
ter-001473;129;231;105;land;1074.37;887.01
ter-001474;248;24;71;land;1111.19;883.05
ter-001475;132;67;51;land;1161.53;886.41
ter-001476;234;144;254;land;1205.13;870.89
ter-001477;131;153;38;land;1244.21;887.96
ter-001478;91;178;139;land;1260.8;881.05
ter-001479;230;188;54;land;1299.66;881.41
ter-001480;79;237;226;land;1352.8;877.7
ter-001481;191;159;207;land;1377.75;876.51
ter-001482;246;87;235;land;1439.14;889.1
ter-001483;116;68;163;land;1470.92;884.98
ter-001484;138;223;18;land;1503.56;883.84
ter-001485;145;27;167;land;1526.28;887.88
ter-001486;45;74;5;land;1564.51;873.88
ter-001487;70;193;148;land;1600.84;880.61
ter-001488;73;70;127;land;1657.57;891.71
ter-001489;64;34;177;land;1702.18;880.71
ter-001490;79;56;171;land;1735.59;885.35
ter-001491;145;5;157;land;1759.7;892.93
ter-001492;204;230;122;land;1969.49;889.95
ter-001493;134;59;133;land;1988.6;893.69
ter-001494;123;175;21;land;2016.35;893.69
ter-001495;166;104;191;land;4.43;914.15
ter-001496;96;150;99;land;491.0;899.0
ter-001497;215;187;74;land;520.25;901.02
ter-001498;44;13;117;land;546.35;903.69
ter-001499;123;211;40;land;596.58;906.06
ter-001500;26;14;206;land;613.65;895.39
ter-001501;249;41;108;land;659.36;892.5
ter-001502;31;165;147;land;691.57;903.07
ter-001503;55;236;117;land;722.64;900.91
ter-001504;196;149;168;land;764.21;906.61
ter-001505;158;243;82;land;815.9;901.83
ter-001506;86;20;70;land;842.86;897.71
ter-001507;155;214;143;land;881.13;895.06
ter-001508;87;49;2;land;926.76;905.11
ter-001509;23;49;74;land;958.05;894.23
ter-001510;252;130;158;land;994.51;897.32
ter-001511;38;48;133;land;1030.52;904.29
ter-001512;239;212;72;land;1070.36;905.58
ter-001513;255;94;161;land;1123.23;900.63
ter-001514;94;134;66;land;1146.49;894.88
ter-001515;1;147;124;land;1175.86;898.5
ter-001516;113;35;204;land;1229.02;900.8
ter-001517;138;61;160;land;1278.71;894.56
ter-001518;87;82;52;land;1301.7;905.42
ter-001519;95;0;106;land;1338.83;902.46
ter-001520;26;183;75;land;1374.04;902.89
ter-001521;109;121;86;land;1412.04;895.46
ter-001522;174;182;114;land;1475.5;911.32
ter-001523;113;139;28;land;1481.35;894.31
ter-001524;155;136;230;land;1549.92;900.29
ter-001525;35;152;244;land;1575.72;903.04
ter-001526;20;21;158;land;1601.95;902.58
ter-001527;37;1;210;land;1628.29;898.79
ter-001528;207;29;163;land;1683.9;895.05
ter-001529;167;58;121;land;1717.6;896.97
ter-001530;0;249;75;land;1744.62;905.38
ter-001531;1;203;147;land;1784.57;909.14
ter-001532;6;197;189;land;1833.0;892.5
ter-001533;131;13;166;land;1912.49;913.68
ter-001534;234;26;7;land;1954.71;903.69
ter-001535;186;212;247;land;2003.48;900.08
ter-001536;70;122;173;land;2037.6;918.38
ter-001537;205;11;65;land;11.65;927.31
ter-001538;124;7;59;land;403.17;928.98
ter-001539;217;103;192;land;430.34;934.44
ter-001540;77;111;67;land;528.35;918.27
ter-001541;242;247;0;land;564.37;911.36
ter-001542;15;182;119;land;595.65;924.61
ter-001543;201;188;198;land;631.75;918.03
ter-001544;118;181;54;land;669.65;927.25
ter-001545;39;60;90;land;692.46;923.34
ter-001546;136;70;146;land;742.87;918.43
ter-001547;178;3;209;land;782.05;913.69
ter-001548;225;45;225;land;800.71;918.53
ter-001549;189;169;66;land;836.63;923.13
ter-001550;255;215;197;land;891.92;921.19
ter-001551;251;134;235;land;928.74;919.57
ter-001552;26;210;136;land;960.94;916.19
ter-001553;29;151;0;land;1017.49;928.33
ter-001554;180;245;75;land;1047.54;919.45
ter-001555;250;162;180;land;1071.61;924.55
ter-001556;182;56;140;land;1117.63;920.35
ter-001557;106;249;42;land;1143.3;930.15
ter-001558;113;71;112;land;1205.56;909.56
ter-001559;76;177;79;land;1247.51;925.33
ter-001560;214;96;163;land;1272.01;921.82
ter-001561;56;121;191;land;1300.24;919.37
ter-001562;18;21;97;land;1332.45;922.2
ter-001563;224;92;136;land;1390.9;915.76
ter-001564;43;66;218;land;1412.67;919.31
ter-001565;52;116;192;land;1452.85;914.79
ter-001566;124;201;44;land;1495.88;917.54
ter-001567;33;179;127;land;1519.58;920.74
ter-001568;65;87;121;land;1575.96;919.25
ter-001569;167;65;209;land;1602.75;919.02
ter-001570;199;93;41;land;1655.64;922.03
ter-001571;118;97;234;land;1695.22;914.97
ter-001572;55;81;160;land;1717.03;916.75
ter-001573;209;217;134;land;1753.3;919.48
ter-001574;128;86;43;land;1790.62;926.83
ter-001575;102;1;38;land;1835.13;929.78
ter-001576;209;248;164;land;1863.02;932.78
ter-001577;59;18;94;land;1932.33;913.48
ter-001578;245;68;35;land;1972.56;920.69
ter-001579;74;35;96;land;1999.17;923.62
ter-001580;40;132;170;land;2017.94;922.06
ter-001581;116;78;76;land;32.95;938.03
ter-001582;207;53;111;land;74.11;944.87
ter-001583;193;56;37;land;91.37;946.69
ter-001584;198;213;121;land;256.0;955.01
ter-001585;109;171;87;land;291.33;954.21
ter-001586;253;144;20;land;312.08;948.6
ter-001587;195;189;246;land;355.28;945.09
ter-001588;123;230;229;land;406.9;944.37
ter-001589;123;185;197;land;452.33;944.98
ter-001590;98;156;111;land;486.59;945.24
ter-001591;254;43;204;land;528.72;931.85
ter-001592;8;124;120;land;543.6;933.16
ter-001593;198;5;215;land;569.44;933.8
ter-001594;220;218;187;land;614.86;938.17
ter-001595;208;117;117;land;649.56;928.01
ter-001596;38;250;188;land;703.0;946.37
ter-001597;84;126;137;land;733.27;937.57
ter-001598;241;228;185;land;762.46;945.02
ter-001599;126;231;109;land;808.57;940.33
ter-001600;104;85;12;land;860.15;929.24
ter-001601;71;57;1;land;886.08;947.04
ter-001602;104;253;188;land;931.15;940.77
ter-001603;213;25;233;land;972.03;939.91
ter-001604;200;237;154;land;998.28;937.87
ter-001605;149;216;92;land;1055.77;936.22
ter-001606;158;35;148;land;1098.47;949.12
ter-001607;4;134;11;land;1098.66;929.28
ter-001608;83;99;58;land;1169.85;935.42
ter-001609;115;83;168;land;1191.85;929.97
ter-001610;9;61;61;land;1220.17;936.6
ter-001611;182;15;253;land;1272.45;942.35
ter-001612;62;1;33;land;1299.46;938.72
ter-001613;152;203;66;land;1333.21;936.87
ter-001614;202;90;141;land;1370.43;936.94
ter-001615;246;156;42;land;1429.63;941.51
ter-001616;66;180;105;land;1466.52;940.9
ter-001617;27;126;33;land;1499.87;945.93
ter-001618;153;231;241;land;1541.22;928.19
ter-001619;4;234;53;land;1580.21;934.37
ter-001620;196;42;137;land;1603.81;935.7
ter-001621;41;48;228;land;1630.53;939.48
ter-001622;230;3;108;land;1704.95;946.58
ter-001623;168;173;208;land;1710.67;932.54
ter-001624;69;70;88;land;1746.02;935.35
ter-001625;90;225;170;land;1785.51;947.15
ter-001626;71;78;118;land;1839.01;943.92
ter-001627;149;144;98;land;1885.42;933.68
ter-001628;4;185;192;land;1915.12;931.03
ter-001629;198;12;62;land;1942.48;933.9
ter-001630;199;11;219;land;1996.54;941.29
ter-001631;9;108;199;land;2027.84;940.01
ter-001632;66;181;99;land;18.32;956.15
ter-001633;16;2;44;land;58.72;951.76
ter-001634;60;88;7;land;83.17;963.33
ter-001635;214;68;98;land;126.39;963.24
ter-001636;32;110;38;land;181.71;962.56
ter-001637;134;35;97;land;216.62;965.21
ter-001638;77;243;11;land;233.23;960.85
ter-001639;50;34;249;land;274.33;962.7
ter-001640;122;193;244;land;325.06;959.98
ter-001641;3;249;136;land;357.43;960.77
ter-001642;80;174;128;land;384.41;958.55
ter-001643;236;107;250;land;441.15;959.87
ter-001644;7;68;204;land;482.65;953.97
ter-001645;129;165;37;land;520.04;960.18
ter-001646;106;195;156;land;540.57;955.05
ter-001647;98;209;247;land;574.06;954.41
ter-001648;89;7;141;land;633.49;957.13
ter-001649;173;111;155;land;663.54;952.97
ter-001650;81;128;65;land;719.73;960.12
ter-001651;58;5;209;land;741.55;958.97
ter-001652;191;27;4;land;783.27;949.04
ter-001653;122;66;253;land;831.97;949.21
ter-001654;204;22;14;land;864.17;951.25
ter-001655;67;219;241;land;905.54;956.49
ter-001656;218;138;219;land;937.75;962.46
ter-001657;229;151;20;land;977.52;961.04
ter-001658;253;106;102;land;998.58;963.04
ter-001659;150;192;86;land;1039.01;953.75
ter-001660;111;168;198;land;1069.87;951.41
ter-001661;79;90;6;land;1126.0;957.11
ter-001662;146;6;1;land;1167.64;960.08
ter-001663;214;164;140;land;1201.59;954.14
ter-001664;50;234;12;land;1244.07;963.53
ter-001665;54;10;3;land;1288.59;961.28
ter-001666;50;51;156;land;1316.12;952.43
ter-001667;208;121;13;land;1338.62;957.4
ter-001668;225;174;77;land;1374.77;964.04
ter-001669;131;101;213;land;1406.69;956.37
ter-001670;237;175;46;land;1460.97;956.67
ter-001671;250;65;117;land;1513.53;962.27
ter-001672;158;237;85;land;1529.65;953.18
ter-001673;169;65;183;land;1560.48;948.26
ter-001674;182;8;63;land;1600.38;952.1
ter-001675;4;95;12;land;1662.68;956.39
ter-001676;31;119;85;land;1684.06;945.0
ter-001677;66;194;9;land;1729.48;959.88
ter-001678;14;181;87;land;1756.2;952.41
ter-001679;220;106;180;land;1809.56;954.73
ter-001680;129;11;33;land;1837.78;961.36
ter-001681;80;179;60;land;1866.18;959.23
ter-001682;166;211;25;land;1914.84;955.44
ter-001683;240;35;8;land;1953.8;960.78
ter-001684;7;248;27;land;1975.4;953.36
ter-001685;246;113;29;land;2011.61;958.7
ter-001686;236;66;163;land;12.99;978.65
ter-001687;226;172;20;land;47.91;977.42
ter-001688;228;95;79;land;98.44;979.45
ter-001689;150;204;168;land;142.6;980.27
ter-001690;204;56;36;land;163.55;968.17
ter-001691;147;194;132;land;199.46;973.51
ter-001692;151;13;196;land;242.14;980.82
ter-001693;16;125;205;land;282.91;982.16
ter-001694;43;149;208;land;324.27;978.87
ter-001695;90;31;142;land;367.14;985.2
ter-001696;63;190;226;land;393.83;975.24
ter-001697;197;196;91;land;435.48;980.69
ter-001698;66;169;55;land;478.78;971.25
ter-001699;152;53;41;land;507.66;977.43
ter-001700;0;22;219;land;551.29;979.11
ter-001701;232;102;24;land;598.89;965.31
ter-001702;76;172;49;land;613.04;985.29
ter-001703;199;233;100;land;664.1;971.21
ter-001704;3;135;119;land;699.56;980.36
ter-001705;141;108;224;land;748.65;983.14
ter-001706;68;0;241;land;781.28;979.35
ter-001707;170;221;42;land;807.32;977.66
ter-001708;21;97;63;land;837.78;970.97
ter-001709;168;18;27;land;876.28;971.07
ter-001710;200;162;244;land;939.48;983.69
ter-001711;101;58;224;land;969.4;975.73
ter-001712;113;120;96;land;1003.24;984.32
ter-001713;50;74;106;land;1046.07;973.35
ter-001714;247;82;24;land;1087.66;971.39
ter-001715;31;116;244;land;1126.71;973.92
ter-001716;192;94;17;land;1158.09;983.28
ter-001717;34;42;186;land;1193.27;976.93
ter-001718;177;137;174;land;1222.66;974.29
ter-001719;241;165;230;land;1267.63;970.48
ter-001720;129;67;6;land;1317.03;970.55
ter-001721;251;93;149;land;1332.04;985.37
ter-001722;240;80;12;land;1373.05;979.15
ter-001723;193;40;145;land;1437.13;972.02
ter-001724;217;195;8;land;1472.28;971.81
ter-001725;72;42;184;land;1494.87;980.88
ter-001726;76;97;107;land;1522.29;980.99
ter-001727;135;55;246;land;1562.48;971.33
ter-001728;36;196;77;land;1603.34;969.73
ter-001729;196;7;91;land;1638.82;971.09
ter-001730;117;169;253;land;1688.11;973.35
ter-001731;142;61;88;land;1717.48;981.07
ter-001732;232;17;174;land;1763.75;972.22
ter-001733;37;34;37;land;1787.6;983.02
ter-001734;51;92;184;land;1835.38;973.95
ter-001735;189;158;247;land;1886.81;967.22
ter-001736;97;31;123;land;1927.3;983.86
ter-001737;179;177;241;land;1938.69;971.52
ter-001738;253;209;230;land;2000.92;978.62
ter-001739;27;98;216;land;2035.36;973.23
ter-001740;100;104;37;land;16.38;996.82
ter-001741;87;251;87;land;63.71;1003.92
ter-001742;232;200;137;land;83.21;1004.14
ter-001743;195;105;72;land;119.86;995.88
ter-001744;33;78;49;land;180.05;996.38
ter-001745;17;176;169;land;221.26;999.22
ter-001746;86;238;186;land;248.96;1004.15
ter-001747;178;21;19;land;265.17;1003.24
ter-001748;66;182;175;land;312.4;997.82
ter-001749;80;207;115;land;357.56;1002.11
ter-001750;92;171;121;land;396.09;998.14
ter-001751;221;143;1;land;422.18;1002.35
ter-001752;96;181;156;land;465.42;994.33
ter-001753;201;54;167;land;499.45;993.48
ter-001754;49;194;153;land;545.47;996.72
ter-001755;105;54;145;land;590.45;998.07
ter-001756;182;210;31;land;638.03;997.7
ter-001757;124;12;169;land;667.62;995.08
ter-001758;63;11;193;land;685.22;985.26
ter-001759;138;125;66;land;722.04;993.34
ter-001760;102;67;193;land;791.89;1005.69
ter-001761;53;15;198;land;831.61;993.92
ter-001762;21;150;132;land;861.42;998.9
ter-001763;195;166;37;land;883.92;998.96
ter-001764;201;88;66;land;916.73;984.99
ter-001765;0;209;141;land;962.41;997.05
ter-001766;77;44;161;land;1017.42;984.55
ter-001767;179;133;244;land;1031.19;994.39
ter-001768;218;17;195;land;1072.55;990.73
ter-001769;151;32;246;land;1117.08;990.69
ter-001770;190;132;104;land;1143.62;992.95
ter-001771;111;200;167;land;1183.17;997.25
ter-001772;115;38;130;land;1217.97;992.95
ter-001773;39;110;24;land;1266.13;996.15
ter-001774;159;115;180;land;1299.38;991.77
ter-001775;158;123;86;land;1349.9;996.14
ter-001776;32;15;51;land;1379.95;991.53
ter-001777;136;174;169;land;1426.47;989.7
ter-001778;213;64;107;land;1462.6;999.2
ter-001779;178;240;31;land;1510.46;998.07
ter-001780;133;211;29;land;1538.49;990.4
ter-001781;216;78;231;land;1567.43;994.12
ter-001782;186;128;70;land;1604.68;994.16
ter-001783;146;202;45;land;1639.26;990.02
ter-001784;228;81;21;land;1670.51;998.49
ter-001785;8;97;159;land;1731.17;1000.38
ter-001786;211;91;51;land;1750.72;1002.02
ter-001787;102;185;224;land;1815.81;993.14
ter-001788;68;180;86;land;1852.55;991.89
ter-001789;232;219;167;land;1890.14;990.11
ter-001790;167;79;180;land;1911.55;993.18
ter-001791;110;32;255;land;1950.15;993.49
ter-001792;184;47;184;land;1977.9;995.77
ter-001793;148;196;254;land;2024.25;1003.26
ter-001794;15;177;212;land;11.72;1015.36
ter-001795;178;51;54;land;41.28;1010.61
ter-001796;192;133;5;land;108.84;1016.64
ter-001797;126;200;108;land;139.9;1010.81
ter-001798;158;144;109;land;161.06;1011.15
ter-001799;166;145;124;land;205.8;1007.18
ter-001800;227;135;188;land;232.71;1011.54
ter-001801;216;164;119;land;282.97;1011.55
ter-001802;59;240;204;land;319.88;1014.82
ter-001803;248;105;165;land;369.66;1017.53
ter-001804;229;30;233;land;409.04;1018.4
ter-001805;229;88;233;land;449.99;1015.38
ter-001806;10;56;146;land;477.71;1011.8
ter-001807;1;103;81;land;511.11;1012.94
ter-001808;200;199;124;land;546.47;1012.26
ter-001809;239;249;56;land;573.82;1009.47
ter-001810;122;253;99;land;614.99;1015.89
ter-001811;227;79;168;land;668.89;1016.0
ter-001812;148;214;161;land;704.44;1012.92
ter-001813;116;61;77;land;741.44;1013.32
ter-001814;205;139;90;land;767.13;1011.31
ter-001815;19;39;160;land;815.41;1014.56
ter-001816;224;242;13;land;844.49;1015.69
ter-001817;168;198;29;land;899.48;1011.72
ter-001818;160;206;48;land;927.7;1009.67
ter-001819;63;14;251;land;980.24;1012.47
ter-001820;163;26;191;land;1014.6;1015.96
ter-001821;80;220;141;land;1042.89;1013.38
ter-001822;71;182;76;land;1074.9;1011.77
ter-001823;116;62;65;land;1114.61;1011.43
ter-001824;131;51;19;land;1152.58;1015.52
ter-001825;212;131;80;land;1196.5;1014.16
ter-001826;160;238;210;land;1230.29;1009.77
ter-001827;4;4;38;land;1261.52;1015.48
ter-001828;135;188;211;land;1308.39;1013.14
ter-001829;216;142;91;land;1336.72;1014.96
ter-001830;18;185;221;land;1376.98;1011.16
ter-001831;184;235;49;land;1424.0;1010.53
ter-001832;220;53;154;land;1478.86;1014.9
ter-001833;167;67;95;land;1510.32;1012.27
ter-001834;93;189;114;land;1539.63;1016.12
ter-001835;59;101;123;land;1579.53;1012.37
ter-001836;129;169;199;land;1607.91;1016.06
ter-001837;249;245;57;land;1634.86;1012.35
ter-001838;40;25;82;land;1679.78;1016.1
ter-001839;118;249;156;land;1711.31;1007.47
ter-001840;89;122;224;land;1776.28;1012.01
ter-001841;136;109;5;land;1805.8;1013.62
ter-001842;166;199;9;land;1839.66;1014.82
ter-001843;197;134;165;land;1884.8;1012.78
ter-001844;130;244;243;land;1929.39;1011.75
ter-001845;7;128;177;land;1960.03;1016.22
ter-001846;228;163;200;land;1985.09;1016.46
ter-001847;224;168;86;land;2018.21;1018.42
ter-001848;53;4;131;ocean;12.0;17.0
ter-001849;12;76;140;ocean;149.0;42.0
ter-001850;10;72;162;ocean;322.0;49.0
ter-001851;53;14;163;ocean;462.0;57.0
ter-001852;15;29;114;ocean;505.0;58.0
ter-001853;25;5;109;ocean;1351.0;58.0
ter-001854;28;73;162;ocean;1561.0;56.0
ter-001855;58;37;132;ocean;1617.0;43.0
ter-001856;36;65;174;ocean;1713.0;41.0
ter-001857;18;47;130;ocean;1808.0;52.0
ter-001858;26;22;123;ocean;1975.0;24.0
ter-001859;11;60;135;ocean;568.0;80.0
ter-001860;47;68;140;ocean;604.0;83.0
ter-001861;21;42;154;ocean;740.0;108.0
ter-001862;36;16;122;ocean;976.0;119.0
ter-001863;55;33;178;ocean;1181.0;71.0
ter-001864;6;51;110;ocean;1233.0;106.0
ter-001865;58;75;119;ocean;1373.0;61.0
ter-001866;50;50;144;ocean;1495.0;65.0
ter-001867;1;57;173;ocean;790.0;169.0
ter-001868;31;6;100;ocean;881.0;171.0
ter-001869;7;72;169;ocean;978.0;120.0
ter-001870;35;16;163;ocean;1166.0;172.0
ter-001871;37;33;131;ocean;1265.0;154.0
ter-001872;51;70;102;ocean;1412.0;163.0
ter-001873;59;10;166;ocean;1528.0;162.0
ter-001874;38;54;135;ocean;749.0;202.0
ter-001875;51;2;144;ocean;953.0;215.0
ter-001876;12;63;117;ocean;991.0;205.0
ter-001877;27;24;109;ocean;1292.0;201.0
ter-001878;57;54;171;ocean;1501.0;212.0
ter-001879;25;38;138;ocean;1806.0;214.0
ter-001880;8;57;110;ocean;1812.0;223.0
ter-001881;0;74;121;ocean;568.0;300.0
ter-001882;30;62;129;ocean;684.0;269.0
ter-001883;57;76;132;ocean;780.0;262.0
ter-001884;3;14;164;ocean;860.0;275.0
ter-001885;50;15;144;ocean;968.0;264.0
ter-001886;20;11;148;ocean;1430.0;300.0
ter-001887;44;36;152;ocean;1541.0;295.0
ter-001888;19;40;164;ocean;1783.0;262.0
ter-001889;15;67;156;ocean;1831.0;252.0
ter-001890;58;15;150;ocean;1932.0;297.0
ter-001891;37;26;164;ocean;532.0;302.0
ter-001892;33;27;141;ocean;714.0;355.0
ter-001893;0;44;159;ocean;777.0;308.0
ter-001894;44;56;129;ocean;882.0;325.0
ter-001895;49;26;154;ocean;981.0;347.0
ter-001896;35;56;108;ocean;1218.0;360.0
ter-001897;40;7;141;ocean;1427.0;310.0
ter-001898;17;53;111;ocean;1450.0;301.0
ter-001899;23;73;124;ocean;1585.0;347.0
ter-001900;46;17;111;ocean;1775.0;337.0
ter-001901;7;57;177;ocean;1942.0;316.0
ter-001902;51;39;138;ocean;353.0;417.0
ter-001903;12;40;116;ocean;380.0;412.0
ter-001904;2;53;157;ocean;587.0;373.0
ter-001905;48;26;147;ocean;711.0;399.0
ter-001906;25;6;137;ocean;790.0;396.0
ter-001907;42;67;112;ocean;880.0;380.0
ter-001908;3;21;105;ocean;968.0;391.0
ter-001909;23;38;125;ocean;1117.0;394.0
ter-001910;49;39;166;ocean;1273.0;372.0
ter-001911;13;5;110;ocean;1502.0;396.0
ter-001912;57;51;101;ocean;1638.0;414.0
ter-001913;33;5;120;ocean;1801.0;372.0
ter-001914;48;64;147;ocean;1835.0;376.0
ter-001915;56;74;106;ocean;1978.0;366.0
ter-001916;36;60;106;ocean;319.0;438.0
ter-001917;40;41;140;ocean;422.0;432.0
ter-001918;14;3;144;ocean;751.0;477.0
ter-001919;27;35;115;ocean;913.0;421.0
ter-001920;40;79;179;ocean;1078.0;439.0
ter-001921;29;69;142;ocean;1176.0;422.0
ter-001922;37;19;128;ocean;1229.0;456.0
ter-001923;23;63;174;ocean;1473.0;453.0
ter-001924;59;39;132;ocean;1676.0;454.0
ter-001925;12;28;143;ocean;1707.0;470.0
ter-001926;31;10;167;ocean;1890.0;454.0
ter-001927;12;46;109;ocean;1939.0;476.0
ter-001928;43;61;118;ocean;239.0;506.0
ter-001929;5;2;134;ocean;241.0;515.0
ter-001930;17;70;160;ocean;477.0;490.0
ter-001931;59;57;173;ocean;498.0;538.0
ter-001932;21;27;135;ocean;663.0;502.0
ter-001933;56;19;111;ocean;842.0;504.0
ter-001934;6;8;139;ocean;843.0;505.0
ter-001935;42;33;117;ocean;987.0;513.0
ter-001936;11;26;117;ocean;1096.0;533.0
ter-001937;14;20;109;ocean;1317.0;505.0
ter-001938;51;64;170;ocean;1355.0;519.0
ter-001939;52;65;102;ocean;1456.0;483.0
ter-001940;32;36;163;ocean;1707.0;481.0
ter-001941;47;40;144;ocean;1929.0;483.0
ter-001942;28;22;127;ocean;237.0;584.0
ter-001943;5;1;155;ocean;253.0;572.0
ter-001944;39;25;125;ocean;410.0;584.0
ter-001945;54;70;100;ocean;492.0;544.0
ter-001946;22;71;142;ocean;712.0;550.0
ter-001947;17;39;124;ocean;933.0;577.0
ter-001948;59;2;146;ocean;966.0;570.0
ter-001949;58;59;166;ocean;1138.0;596.0
ter-001950;21;59;118;ocean;1402.0;573.0
ter-001951;56;31;172;ocean;1560.0;556.0
ter-001952;46;70;150;ocean;1667.0;591.0
ter-001953;49;12;148;ocean;1688.0;570.0
ter-001954;53;70;138;ocean;207.0;630.0
ter-001955;34;13;174;ocean;246.0;624.0
ter-001956;59;8;132;ocean;395.0;614.0
ter-001957;40;66;156;ocean;713.0;634.0
ter-001958;45;6;174;ocean;827.0;655.0
ter-001959;32;32;127;ocean;917.0;624.0
ter-001960;18;72;141;ocean;975.0;603.0
ter-001961;26;46;162;ocean;1153.0;608.0
ter-001962;36;11;124;ocean;1444.0;617.0
ter-001963;11;71;130;ocean;1474.5;655.0
ter-001964;6;49;178;ocean;1640.0;630.0
ter-001965;30;11;146;ocean;720.0;710.0
ter-001966;33;47;159;ocean;743.0;715.0
ter-001967;40;78;158;ocean;886.0;691.0
ter-001968;50;70;145;ocean;1076.0;674.0
ter-001969;3;37;103;ocean;1184.0;706.0
ter-001970;12;45;130;ocean;1210.0;703.0
ter-001971;56;45;173;ocean;1325.0;685.0
ter-001972;56;60;120;ocean;1607.0;673.0
ter-001973;13;34;140;ocean;705.0;751.0
ter-001974;59;57;153;ocean;835.0;772.0
ter-001975;44;55;101;ocean;867.0;736.0
ter-001976;30;64;173;ocean;1089.0;780.0
ter-001977;44;0;111;ocean;1243.0;723.0
ter-001978;48;74;104;ocean;1350.0;730.0
ter-001979;56;0;146;ocean;1536.0;765.0
ter-001980;53;22;125;ocean;585.0;841.0
ter-001981;4;28;138;ocean;616.0;785.0
ter-001982;28;65;103;ocean;796.0;804.0
ter-001983;21;17;151;ocean;850.0;786.0
ter-001984;14;15;161;ocean;1104.0;805.0
ter-001985;22;17;110;ocean;1264.0;821.0
ter-001986;50;13;122;ocean;1442.0;827.5
ter-001987;38;66;126;ocean;1478.0;839.0
ter-001988;42;54;123;ocean;1595.0;821.0
ter-001989;44;10;106;ocean;520.0;862.0
ter-001990;32;51;160;ocean;625.0;862.0
ter-001991;28;64;177;ocean;795.0;886.0
ter-001992;4;12;115;ocean;1151.0;862.0
ter-001993;19;51;106;ocean;1205.0;881.0
ter-001994;38;52;167;ocean;1436.0;860.0
ter-001995;33;44;112;ocean;1454.0;871.0
ter-001996;51;58;118;ocean;1670.0;860.0
ter-001997;47;55;133;ocean;1747.0;879.0
ter-001998;32;43;123;ocean;1935.0;902.0
ter-001999;35;46;148;ocean;45.0;933.0
ter-002000;14;46;116;ocean;228.0;947.0
ter-002001;1;33;117;ocean;320.0;938.0
ter-002002;50;71;111;ocean;391.0;928.0
ter-002003;47;23;175;ocean;522.0;944.0
ter-002004;42;51;139;ocean;709.0;921.0
ter-002005;18;57;144;ocean;757.0;922.0
ter-002006;9;69;150;ocean;1176.0;919.0
ter-002007;23;60;100;ocean;1684.0;930.0
ter-002008;40;71;160;ocean;1692.0;949.0
ter-002009;54;16;130;ocean;1825.0;924.0
ter-002010;46;19;160;ocean;2004.0;910.0
ter-002011;42;59;149;ocean;1714.0;966.0
